0,0,0,0,180000,1800.000000,-0.080000,-0.080000,-0.080000
4.000000,4.000000,4.000000,4.000000,4.000000,4.000000,4.000000,4.000000,4.000000,4.000000,4.000000,4.000000,4.000000,4.000000,4.000000,4.000000,4.000000,4.000000,4.000000,4.000000,4.000000,4.000000,4.000000,4.000000,4.000000,4.000000,4.000000,4.000000,4.000000,4.000000,4.000000,4.000000,4.000000,4.000000,4.000000,4.000000,4.000000,4.000000,4.000000,4.000000,4.000000,4.000000,4.000000,4.000000,4.000000,4.000000,4.000000,4.000000,4.000000,4.000000,4.000000,4.000000,4.000000,4.000000,4.000000,4.000000,4.000000,4.000000,4.000000,4.000000,4.000000,4.000000,4.000000,4.000000,4.000000,4.000000,4.000000,4.000000,4.000000,4.000000,4.000000,4.000000,4.000000,4.000000,4.000000,4.000000,4.000000,4.000000,4.000000,4.000000,4.000000,4.000000,4.000000,4.000000,4.000000,4.000000,4.000000,4.000000,4.000000,4.000000,4.000000,4.000000,4.000000,4.000000,4.000000,4.000000,4.000000,4.000000,4.000000,4.000000,4.000000,4.000000,4.000000,4.000000,4.000000,4.000000,4.000000,4.000000,4.000000,4.000000,4.000000,4.000000,4.000000,4.000000,4.000000,4.000000,4.000000,4.000000,4.000000,4.000000,4.000000,4.000000,4.000000,4.000000,4.000000,4.000000,4.000000,4.000000,4.000000,4.000000,4.000000,4.000000,4.000000,4.000000,4.000000,4.000000,4.000000,4.000000,4.000000,4.000000,4.000000,4.000000,4.000000,4.000000,4.000000,4.000000,4.000000,4.000000,4.000000,4.000000,4.000000,4.000000,4.000000,4.000000,4.000000,4.000000,4.000000,4.000000,4.000000,4.000000,4.000000,4.000000,4.000000,4.000000,4.000000,4.000000,4.000000,4.000000,4.000000,4.000000,4.000000,4.000000,4.000000,4.000000,4.000000,4.000000,4.000000,4.000000,4.000000,4.000000,4.000000,4.000000,4.000000,4.000000,4.000000,4.000000,4.000000,4.000000,4.000000,4.000000,4.000000,4.000000,4.000000,4.000000,4.000000,4.000000,4.000000,4.000000,4.000000,4.000000,4.000000,4.000000,4.000000,4.000000,4.000000,4.000000,4.000000,4.000000,4.000000,4.000000,4.000000,4.000000,4.000000,4.000000,4.000000,4.000000,4.000000,4.000000,4.000000,4.000000,4.000000,4.000000,4.000000,4.000000,4.000000,4.000000,4.000000,4.000000,4.000000,4.000000,4.000000,4.000000,4.000000,4.000000,4.000000,4.000000,4.000000,4.000000,4.000000,4.000000,4.000000,4.000000,4.000000,4.000000,4.000000,4.000000,4.000000,4.000000,4.000000,4.000000,4.000000,4.000000,4.000000,4.000000,4.000000,4.000000,
0.000000,0.000000,0.000000,0.000000,0.000000,0.000000,0.000000,0.000000,0.000000,0.000000,0.000000,0.000000,0.000000,0.000000,0.000000,0.000000,0.000000,0.000000,0.000000,0.000000,0.000000,0.000000,0.000000,0.000000,0.000000,0.000000,0.000000,0.000000,0.000000,0.000000,0.000000,0.000000,0.000000,0.000000,0.000000,0.000000,0.000000,0.000000,0.000000,0.000000,0.000000,0.000000,0.000000,0.000000,0.000000,0.000000,0.000000,0.000000,0.000000,0.000000,0.000000,0.000000,0.000000,0.000000,0.000000,0.000000,0.000000,0.000000,0.000000,0.000000,0.000000,0.000000,0.000000,0.000000,0.000000,0.000000,0.000000,0.000000,0.000000,0.000000,0.000000,0.000000,0.000000,0.000000,0.000000,0.000000,0.000000,0.000000,0.000000,0.000000,0.000000,0.000000,0.000000,0.000000,0.000000,0.000000,0.000000,0.000000,0.000000,0.000000,0.000000,0.000000,0.000000,0.000000,0.000000,0.000000,0.000000,0.000000,0.000000,0.000000,0.000000,0.000000,0.000000,0.000000,0.000000,0.000000,0.000000,0.000000,0.000000,0.000000,0.000000,0.000000,0.000000,0.000000,0.000000,0.000000,0.000000,0.000000,0.000000,0.000000,0.000000,0.000000,0.000000,0.000000,0.000000,0.000000,0.000000,0.000000,0.000000,0.000000,0.000000,0.000000,0.000000,0.000000,0.000000,0.000000,0.000000,0.000000,0.000000,0.000000,0.000000,0.000000,0.000000,0.000000,0.000000,0.000000,0.000000,0.000000,0.000000,0.000000,0.000000,0.000000,0.000000,0.000000,0.000000,0.000000,0.000000,0.000000,0.000000,0.000000,0.000000,0.000000,0.000000,0.000000,0.000000,0.000000,0.000000,0.000000,0.000000,0.000000,0.000000,0.000000,0.000000,0.000000,0.000000,0.000000,0.000000,0.000000,0.000000,0.000000,0.000000,0.000000,0.000000,0.000000,0.000000,0.000000,0.000000,0.000000,0.000000,0.000000,0.000000,0.000000,0.000000,0.000000,0.000000,0.000000,0.000000,0.000000,0.000000,0.000000,0.000000,0.000000,0.000000,0.000000,0.000000,0.000000,0.000000,0.000000,0.000000,0.000000,0.000000,0.000000,0.000000,0.000000,0.000000,0.000000,0.000000,0.000000,0.000000,0.000000,0.000000,0.000000,0.000000,0.000000,0.000000,0.000000,0.000000,0.000000,0.000000,0.000000,0.000000,0.000000,0.000000,0.000000,0.000000,0.000000,0.000000,0.000000,0.000000,0.000000,0.000000,0.000000,0.000000,0.000000,0.000000,0.000000,0.000000,0.000000,0.000000,0.000000,0.000000,0.000000,0.000000,0.000000,0.000000,0.000000,
0.442143,-0.319688,-0.536177,-0.839777,-1.661278,-1.846033,-0.988950,-0.180460,0.380359,1.404492,2.606421,3.336814,3.232633,2.668277,2.199439,2.285324,2.765447,3.263898,3.987404,4.670711,4.211167,3.110360,2.718235,2.982134,2.970073,2.826563,2.775159,2.577950,2.683453,2.802038,2.556389,2.613299,3.154296,3.631448,3.543840,2.670775,1.726240,0.958939,0.160132,-0.398800,-0.690374,-0.556528,-0.163975,0.099999,0.316043,0.194991,-1.122640,-3.102868,-3.779272,-3.809096,-4.224817,-4.062236,-3.305564,-3.456616,-4.462684,-4.904192,-4.717883,-5.238247,-5.129049,-4.556632,-4.608777,-4.584186,-3.615523,-1.262066,0.000000,0.000000,0.000000,0.000000,0.000000,0.000000,0.000000,0.000000,0.000000,0.000000,0.000000,0.000000,0.000000,0.000000,0.000000,0.000000,-1.078342,-1.969063,-2.843134,-5.485224,-6.796108,-5.193098,-4.378422,-4.287144,-2.633343,-2.611293,-3.956447,-3.792775,-2.768857,-2.679901,-1.874265,-0.334562,0.000000,0.000000,0.000000,0.000000,0.000000,0.000000,0.000000,0.000000,0.000000,0.000000,0.000000,0.000000,0.000000,0.000000,0.000000,0.000000,-1.117110,-2.115925,-3.115815,-3.703974,-3.226360,-3.543382,-4.670177,-4.507885,-2.569703,-2.536512,-2.265510,0.524517,2.199482,2.117935,1.934934,1.300153,0.000000,0.000000,0.000000,0.000000,0.000000,0.000000,0.000000,0.000000,0.000000,0.000000,0.000000,0.000000,0.000000,0.000000,0.000000,0.000000,-1.600190,-3.498750,-3.375340,-1.886497,-0.658559,-1.621832,-2.775434,-2.417470,-1.513714,0.207297,1.338126,2.386647,3.719527,1.809415,0.354586,0.048955,0.000000,0.000000,0.000000,0.000000,0.000000,0.000000,0.000000,0.000000,0.000000,0.000000,0.000000,0.000000,0.000000,0.000000,0.000000,0.000000,0.543781,-0.188351,-2.317096,-2.972911,-2.278827,-2.107574,-1.473076,-0.219282,1.859148,3.563662,3.740919,2.645229,2.906298,3.772025,3.835816,1.727371,0.000000,0.000000,0.000000,0.000000,0.000000,0.000000,0.000000,0.000000,0.000000,0.000000,0.000000,0.000000,0.000000,0.000000,0.000000,0.000000,-0.709097,-0.391415,-0.948274,-1.993843,0.291141,2.851694,4.414769,6.942191,6.371233,1.258771,-0.452572,0.072263,-0.663411,-0.861795,0.791587,1.177063,0.000000,0.000000,0.000000,0.000000,0.000000,0.000000,0.000000,0.000000,0.000000,0.000000,0.000000,0.000000,0.000000,0.000000,0.000000,0.000000,-0.811934,-0.287303,0.716670,-0.119878,-1.203515,-0.562821,0.182752,-0.576646,-0.454067,-0.537234,-0.669038,0.391115,0.273949,-0.202600,0.299571,0.780065,
0.902946,0.212562,-0.180285,-0.807653,-1.673342,-1.719197,-0.914185,-0.255200,0.317773,1.211029,2.075160,2.624241,2.491107,1.763409,1.200033,1.267940,1.397314,1.413297,1.653337,1.959181,1.904606,1.489727,1.278092,1.471456,1.782958,2.163498,2.482138,2.259833,2.120749,2.348317,2.157408,1.936873,2.330374,2.950963,3.080017,2.604928,2.135216,1.559983,0.753244,0.189638,-0.230695,-0.299232,0.233112,0.779406,0.926804,0.925305,0.334644,-1.231725,-2.371487,-2.764592,-3.445299,-3.720475,-3.006735,-2.596353,-3.274472,-3.951791,-3.592085,-3.671828,-3.606645,-3.173421,-3.189257,-3.171641,-2.433332,-0.828288,0.000000,0.000000,0.000000,0.000000,0.000000,0.000000,0.000000,0.000000,0.000000,0.000000,0.000000,0.000000,0.000000,0.000000,0.000000,0.000000,-0.649499,-0.785903,-1.192728,-3.332933,-4.678955,-3.794995,-3.606916,-3.572679,-2.218861,-2.376941,-3.362727,-3.326817,-2.678077,-2.649590,-1.898161,-0.493557,0.000000,0.000000,0.000000,0.000000,0.000000,0.000000,0.000000,0.000000,0.000000,0.000000,0.000000,0.000000,0.000000,0.000000,0.000000,0.000000,-0.321586,-0.056092,-0.703262,-1.913967,-1.593902,-0.720762,-1.233880,-1.208807,-0.296699,-1.154925,-2.413803,-0.459107,1.062743,0.560897,1.026832,0.964878,0.000000,0.000000,0.000000,0.000000,0.000000,0.000000,0.000000,0.000000,0.000000,0.000000,0.000000,0.000000,0.000000,0.000000,0.000000,0.000000,-0.816487,-2.389282,-3.083849,-1.958816,-0.070102,-0.089341,-1.028516,-0.261392,0.867224,1.597731,2.641032,3.746709,5.316933,4.904334,2.484010,0.601998,0.000000,0.000000,0.000000,0.000000,0.000000,0.000000,0.000000,0.000000,0.000000,0.000000,0.000000,0.000000,0.000000,0.000000,0.000000,0.000000,-2.059657,-4.352789,-5.061872,-4.632110,-3.376469,-2.483367,-1.322757,-0.049639,2.179933,3.461639,3.548860,3.674541,3.477812,3.441031,3.240901,1.521784,0.000000,0.000000,0.000000,0.000000,0.000000,0.000000,0.000000,0.000000,0.000000,0.000000,0.000000,0.000000,0.000000,0.000000,0.000000,0.000000,-0.254256,-0.118710,-1.103408,-2.101329,-0.019748,2.749171,4.625010,6.500232,4.551178,0.236432,-0.819690,-0.383287,-0.618632,-1.103685,0.360100,0.867486,0.000000,0.000000,0.000000,0.000000,0.000000,0.000000,0.000000,0.000000,0.000000,0.000000,0.000000,0.000000,0.000000,0.000000,0.000000,0.000000,-0.389497,-0.287050,0.111222,-0.440636,-1.073321,-0.484735,0.106870,-0.396261,-0.729196,-1.036501,-0.904338,0.180174,0.475972,0.237649,0.708676,1.241701,
1.182587,0.677191,0.269715,-0.251254,-1.095714,-1.288415,-0.446859,0.433953,1.051703,1.703357,2.320616,2.675128,2.380800,1.632503,1.146079,1.122609,0.933957,0.491063,0.290624,0.514107,0.817604,0.775449,0.752424,1.008591,1.370801,1.850226,2.270373,1.951797,1.478154,1.512385,1.306237,0.915501,1.047254,1.459322,1.829904,2.104850,2.381722,1.970481,1.037901,0.418717,-0.044741,-0.105508,0.551397,1.172367,1.181514,1.029721,0.644421,-0.360330,-1.510390,-2.245365,-3.030402,-3.771984,-3.139052,-2.174709,-2.522098,-3.057314,-2.496331,-2.491127,-2.339671,-2.188969,-2.674139,-2.522880,-1.596798,-0.446545,0.000000,0.000000,0.000000,0.000000,0.000000,0.000000,0.000000,0.000000,0.000000,0.000000,0.000000,0.000000,0.000000,0.000000,0.000000,0.000000,-0.516641,-0.233336,-0.474351,-2.524986,-3.869365,-3.188421,-2.724923,-3.333716,-2.454528,-1.988618,-2.863230,-3.036080,-2.744141,-3.090186,-2.199253,-0.529443,0.000000,0.000000,0.000000,0.000000,0.000000,0.000000,0.000000,0.000000,0.000000,0.000000,0.000000,0.000000,0.000000,0.000000,0.000000,0.000000,-0.293734,0.092721,-0.850270,-2.474094,-1.904688,-0.795005,-1.380589,-0.763266,0.210624,-0.932081,-2.036263,-0.744230,0.065254,-0.727288,-0.136620,0.485835,0.000000,0.000000,0.000000,0.000000,0.000000,0.000000,0.000000,0.000000,0.000000,0.000000,0.000000,0.000000,0.000000,0.000000,0.000000,0.000000,-0.221228,-1.428113,-2.859814,-2.576582,-0.087494,1.772355,1.281254,1.315941,2.113946,2.301232,2.896492,4.109150,6.214174,6.676546,3.993526,0.895178,0.000000,0.000000,0.000000,0.000000,0.000000,0.000000,0.000000,0.000000,0.000000,0.000000,0.000000,0.000000,0.000000,0.000000,0.000000,0.000000,-2.818848,-5.936270,-5.728051,-4.508679,-3.232949,-1.619180,0.164908,1.392890,3.234888,4.365137,4.094226,4.006083,3.908134,3.536837,2.822502,1.332467,0.000000,0.000000,0.000000,0.000000,0.000000,0.000000,0.000000,0.000000,0.000000,0.000000,0.000000,0.000000,0.000000,0.000000,0.000000,0.000000,-0.152374,-0.650001,-1.836056,-2.623517,-0.461933,2.542792,4.613305,5.272326,2.652423,-0.569081,-1.172287,0.275398,0.188286,-1.040937,0.181524,0.574033,0.000000,0.000000,0.000000,0.000000,0.000000,0.000000,0.000000,0.000000,0.000000,0.000000,0.000000,0.000000,0.000000,0.000000,0.000000,0.000000,-0.466818,-0.646955,-0.328055,-0.691391,-1.089445,-0.195912,0.281627,-0.430036,-0.662676,-1.231095,-1.184558,0.223367,0.626882,0.257118,0.525522,1.110283,
1.512894,1.365471,1.098945,0.588234,-0.218155,-0.602652,-0.082464,0.687687,1.356647,1.985087,2.379982,2.584023,2.222436,1.508158,1.117629,0.993776,0.748553,0.363263,0.126410,0.223006,0.419387,0.445984,0.520717,0.868628,1.295328,1.767853,2.030613,1.544358,1.005058,0.845789,0.461793,-0.029682,-0.190362,-0.021011,0.508332,1.338497,2.218398,2.064738,0.995850,0.243841,-0.005831,0.194447,0.804051,1.371693,1.404256,0.860391,0.216867,-0.566539,-1.280284,-1.911601,-2.782284,-3.603722,-3.204424,-1.976174,-1.836123,-2.272669,-1.758668,-1.853791,-1.781596,-1.556881,-2.303823,-2.332550,-1.386151,-0.386279,0.000000,0.000000,0.000000,0.000000,0.000000,0.000000,0.000000,0.000000,0.000000,0.000000,0.000000,0.000000,0.000000,0.000000,0.000000,0.000000,-0.628446,-0.662406,-0.768591,-2.853123,-4.507171,-3.315312,-2.487374,-3.641170,-3.220095,-2.255250,-2.173899,-1.563480,-1.941609,-3.090716,-1.901711,-0.328589,0.000000,0.000000,0.000000,0.000000,0.000000,0.000000,0.000000,0.000000,0.000000,0.000000,0.000000,0.000000,0.000000,0.000000,0.000000,0.000000,-0.987951,-1.240572,-2.063861,-3.576142,-3.039399,-1.963807,-2.012223,-0.766721,0.659348,-0.236271,-0.862138,0.726336,0.644746,-0.722767,0.194765,0.726193,0.000000,0.000000,0.000000,0.000000,0.000000,0.000000,0.000000,0.000000,0.000000,0.000000,0.000000,0.000000,0.000000,0.000000,0.000000,0.000000,-0.345238,-1.337019,-2.677376,-2.582346,-0.206853,1.404831,0.500044,0.549457,1.770391,2.065514,3.167059,4.891704,6.236088,6.660543,5.033548,1.658202,0.000000,0.000000,0.000000,0.000000,0.000000,0.000000,0.000000,0.000000,0.000000,0.000000,0.000000,0.000000,0.000000,0.000000,0.000000,0.000000,-1.532418,-3.987283,-4.512599,-3.565138,-1.828014,0.073984,1.142493,2.163434,3.853974,4.548535,3.827371,3.813686,3.840683,3.123814,2.705144,1.597239,0.000000,0.000000,0.000000,0.000000,0.000000,0.000000,0.000000,0.000000,0.000000,0.000000,0.000000,0.000000,0.000000,0.000000,0.000000,0.000000,-0.277017,-0.902922,-1.949207,-2.592696,-1.040049,1.935975,3.842655,4.203677,2.701416,-0.260520,-0.968064,0.394827,-0.291785,-1.243101,0.283489,0.596730,0.000000,0.000000,0.000000,0.000000,0.000000,0.000000,0.000000,0.000000,0.000000,0.000000,0.000000,0.000000,0.000000,0.000000,0.000000,0.000000,-0.524922,-0.713499,-0.160520,-0.274539,-0.629084,0.431941,1.111394,0.564673,0.543897,-0.236188,-0.440766,0.763316,0.890692,0.376131,0.525364,1.155543,
2.389297,2.488049,2.040268,1.243904,0.333617,-0.120362,0.199980,0.871898,1.290092,1.649556,1.905705,2.123798,1.866293,1.227418,0.851074,0.828554,0.853878,0.756528,0.632598,0.588777,0.544660,0.453502,0.506124,0.826904,1.322605,1.827988,2.168157,2.082999,1.604850,0.936006,0.201385,-0.314864,-0.582835,-0.417239,0.297102,1.237175,2.059855,1.836229,1.023720,0.735060,0.669663,0.732603,1.191982,1.579255,1.474005,0.830699,0.044998,-0.807597,-1.272896,-1.618816,-2.758240,-3.736638,-3.287070,-1.859840,-1.428080,-1.772888,-1.541593,-1.756506,-1.572988,-1.288269,-1.842143,-2.072810,-1.288104,-0.290036,0.000000,0.000000,0.000000,0.000000,0.000000,0.000000,0.000000,0.000000,0.000000,0.000000,0.000000,0.000000,0.000000,0.000000,0.000000,0.000000,-0.702812,-0.913057,-1.067885,-2.706783,-3.987649,-2.849130,-2.757406,-4.038453,-3.345109,-2.457901,-1.491991,0.369082,0.294399,-1.613773,-0.858647,0.210426,0.000000,0.000000,0.000000,0.000000,0.000000,0.000000,0.000000,0.000000,0.000000,0.000000,0.000000,0.000000,0.000000,0.000000,0.000000,0.000000,-1.354036,-2.378432,-2.684616,-3.770168,-3.785173,-2.291254,-1.532490,-0.245562,0.990829,0.205397,-0.115744,1.725190,1.911149,0.560595,0.784215,0.756789,0.000000,0.000000,0.000000,0.000000,0.000000,0.000000,0.000000,0.000000,0.000000,0.000000,0.000000,0.000000,0.000000,0.000000,0.000000,0.000000,-0.132829,-0.896843,-1.708048,-0.713952,1.310601,2.288239,0.806666,1.000230,3.055678,3.811835,4.922978,6.039818,6.449406,6.551334,5.405535,2.147704,0.000000,0.000000,0.000000,0.000000,0.000000,0.000000,0.000000,0.000000,0.000000,0.000000,0.000000,0.000000,0.000000,0.000000,0.000000,0.000000,-1.031082,-2.867554,-3.948681,-3.513623,-1.134218,1.453377,2.068122,2.050309,3.226352,4.125656,3.579556,4.021909,4.272378,2.959220,2.114410,1.221897,0.000000,0.000000,0.000000,0.000000,0.000000,0.000000,0.000000,0.000000,0.000000,0.000000,0.000000,0.000000,0.000000,0.000000,0.000000,0.000000,-0.211657,-0.058612,-0.513318,-2.287626,-1.775383,1.457145,3.570057,4.357265,3.902393,0.576513,-0.941492,-0.327443,-0.914131,-1.275975,-0.094575,0.394184,0.000000,0.000000,0.000000,0.000000,0.000000,0.000000,0.000000,0.000000,0.000000,0.000000,0.000000,0.000000,0.000000,0.000000,0.000000,0.000000,-0.169291,-0.088088,0.504755,0.650358,0.266309,1.273798,2.036178,1.801069,2.030205,1.037771,0.391764,1.281341,1.505298,1.248362,1.514825,1.990327,
3.308580,3.304870,2.911783,1.969428,0.764862,0.224296,0.511051,1.059553,1.206326,1.345062,1.561961,1.727487,1.553327,1.072427,0.636792,0.639112,0.910019,1.071599,1.152118,1.202977,1.035444,0.772024,0.804635,1.132669,1.614708,2.172955,2.534041,2.589957,2.368069,1.744770,0.772245,0.023968,-0.235828,-0.106909,0.423489,1.276318,2.085466,2.039191,1.520316,1.495003,1.455306,1.332482,1.659814,1.795441,1.462414,0.860264,0.116189,-0.783901,-1.303869,-1.459644,-2.538333,-3.587168,-3.083287,-1.805272,-1.410734,-1.724293,-1.488272,-1.688995,-1.691946,-1.333905,-1.635304,-1.927434,-1.224898,-0.268770,0.000000,0.000000,0.000000,0.000000,0.000000,0.000000,0.000000,0.000000,0.000000,0.000000,0.000000,0.000000,0.000000,0.000000,0.000000,0.000000,-0.919500,-1.182581,-0.733340,-1.363145,-2.063863,-1.586930,-2.082605,-3.268496,-2.817553,-2.353446,-1.310666,0.866397,1.502672,-0.043986,0.073943,0.544102,0.000000,0.000000,0.000000,0.000000,0.000000,0.000000,0.000000,0.000000,0.000000,0.000000,0.000000,0.000000,0.000000,0.000000,0.000000,0.000000,-1.090487,-1.859322,-1.911378,-3.045085,-3.254549,-1.671965,-0.878988,0.002782,0.655995,0.037445,0.193172,2.187278,2.469458,1.339660,1.210096,0.809638,0.000000,0.000000,0.000000,0.000000,0.000000,0.000000,0.000000,0.000000,0.000000,0.000000,0.000000,0.000000,0.000000,0.000000,0.000000,0.000000,0.075757,-0.416930,-1.019359,0.216644,3.199208,5.318069,4.386217,3.592524,4.839561,5.759575,5.834078,6.088334,6.093838,5.898700,4.600907,1.780564,0.000000,0.000000,0.000000,0.000000,0.000000,0.000000,0.000000,0.000000,0.000000,0.000000,0.000000,0.000000,0.000000,0.000000,0.000000,0.000000,-0.387717,-1.807939,-3.506781,-3.356902,-0.897736,2.041555,2.985121,2.665560,3.667580,4.016869,3.354073,4.626818,4.921328,3.273891,1.916379,0.810350,0.000000,0.000000,0.000000,0.000000,0.000000,0.000000,0.000000,0.000000,0.000000,0.000000,0.000000,0.000000,0.000000,0.000000,0.000000,0.000000,-0.197650,0.523657,0.648271,-2.031154,-2.299023,0.824411,2.755152,3.513720,3.077205,-0.097060,-1.694934,-0.907337,-0.987522,-1.474420,-0.735498,0.152015,0.000000,0.000000,0.000000,0.000000,0.000000,0.000000,0.000000,0.000000,0.000000,0.000000,0.000000,0.000000,0.000000,0.000000,0.000000,0.000000,0.343879,0.666292,0.950397,1.332482,1.370247,2.327276,2.560675,2.006268,2.290002,1.471796,0.832714,1.621045,2.008539,2.252091,2.951693,3.300232,
4.109747,3.544649,3.074811,2.269068,1.047160,0.470131,0.710596,1.099429,1.392954,1.616542,1.578929,1.691970,1.709801,1.443789,0.838354,0.573826,0.883557,1.051094,1.029705,1.113194,1.102161,0.887435,0.998234,1.490816,2.024953,2.589187,2.915040,2.878809,2.687922,2.263922,1.552481,0.817767,0.337794,0.255473,0.546554,1.153094,1.897290,2.300120,2.093297,1.802746,1.633066,1.498155,1.760005,1.841972,1.497030,1.045532,0.273854,-0.764341,-1.281231,-1.632087,-2.478599,-3.215138,-2.839596,-1.634948,-1.429679,-1.791752,-1.454926,-1.506298,-1.521386,-1.117190,-1.234404,-1.415814,-0.734430,-0.080594,0.000000,0.000000,0.000000,0.000000,0.000000,0.000000,0.000000,0.000000,0.000000,0.000000,0.000000,0.000000,0.000000,0.000000,0.000000,0.000000,-1.270290,-1.547370,-0.327939,-0.403787,-0.626103,-0.061783,-0.677815,-1.862135,-1.689499,-1.985208,-1.600210,0.181371,0.699537,-0.087564,0.632612,0.821773,0.000000,0.000000,0.000000,0.000000,0.000000,0.000000,0.000000,0.000000,0.000000,0.000000,0.000000,0.000000,0.000000,0.000000,0.000000,0.000000,-0.719586,-0.613091,-0.322677,-1.511234,-1.891295,-0.368269,0.052718,-0.087720,0.074477,-0.358788,0.007984,2.182152,2.522088,1.311234,1.417288,1.038616,0.000000,0.000000,0.000000,0.000000,0.000000,0.000000,0.000000,0.000000,0.000000,0.000000,0.000000,0.000000,0.000000,0.000000,0.000000,0.000000,-0.284616,-1.184723,-1.841632,-0.621652,2.327649,5.130201,5.251875,4.165945,4.395112,4.387467,4.125158,4.845996,4.567069,3.744488,3.094846,1.420990,0.000000,0.000000,0.000000,0.000000,0.000000,0.000000,0.000000,0.000000,0.000000,0.000000,0.000000,0.000000,0.000000,0.000000,0.000000,0.000000,0.021807,-0.950089,-2.359316,-2.568928,-0.847729,1.783609,2.768102,2.502122,3.560967,3.632730,2.679112,4.348499,5.092000,3.644738,2.593416,1.248108,0.000000,0.000000,0.000000,0.000000,0.000000,0.000000,0.000000,0.000000,0.000000,0.000000,0.000000,0.000000,0.000000,0.000000,0.000000,0.000000,-0.262180,0.709348,1.043860,-1.685490,-2.185200,0.344134,1.164825,1.036252,0.627550,-1.734247,-2.336972,-0.689990,-0.790520,-1.427864,-0.530450,0.237603,0.000000,0.000000,0.000000,0.000000,0.000000,0.000000,0.000000,0.000000,0.000000,0.000000,0.000000,0.000000,0.000000,0.000000,0.000000,0.000000,0.351201,1.027387,1.544946,1.883751,2.225152,3.069472,2.402304,1.390242,1.686419,1.245450,1.239194,2.672289,3.334801,3.337214,4.012316,4.384069,
3.908226,3.243297,2.767922,2.069290,1.103867,0.589426,0.618645,0.938059,1.248953,1.372163,1.315276,1.467373,1.552142,1.500607,1.064100,0.703224,0.875213,0.908809,0.613704,0.493017,0.623457,0.653380,0.826328,1.429456,2.211725,2.844054,3.094757,2.965911,2.647308,2.286814,1.926653,1.555498,1.093743,0.830157,1.103862,1.551237,2.136023,2.585793,2.306207,1.726357,1.431013,1.360615,1.548376,1.665872,1.364867,1.025066,0.592603,-0.650753,-1.728269,-2.020863,-2.461746,-2.781836,-2.464567,-1.469682,-1.410259,-1.620373,-0.913368,-0.991319,-0.861373,-0.330632,-0.517742,-0.854834,-0.418820,0.034408,0.000000,0.000000,0.000000,0.000000,0.000000,0.000000,0.000000,0.000000,0.000000,0.000000,0.000000,0.000000,0.000000,0.000000,0.000000,0.000000,-1.387522,-2.036644,-1.040872,-1.080474,-0.973567,0.359550,0.082029,-1.241054,-0.975706,-1.515863,-1.613634,-0.443293,-0.378997,-0.767215,0.402917,0.748127,0.000000,0.000000,0.000000,0.000000,0.000000,0.000000,0.000000,0.000000,0.000000,0.000000,0.000000,0.000000,0.000000,0.000000,0.000000,0.000000,-0.528328,0.216106,0.664242,-0.889004,-1.323524,0.152023,0.038878,-1.012820,-0.967037,-1.308300,-0.508943,1.850996,2.320853,1.324524,1.046975,0.692909,0.000000,0.000000,0.000000,0.000000,0.000000,0.000000,0.000000,0.000000,0.000000,0.000000,0.000000,0.000000,0.000000,0.000000,0.000000,0.000000,-0.644786,-1.665452,-2.106118,-0.867533,1.454696,3.747854,4.144775,3.625519,3.639512,2.964554,2.759670,3.693394,3.172816,2.436026,2.221132,0.997148,0.000000,0.000000,0.000000,0.000000,0.000000,0.000000,0.000000,0.000000,0.000000,0.000000,0.000000,0.000000,0.000000,0.000000,0.000000,0.000000,0.325227,-0.119570,-1.240762,-1.459265,-0.481524,1.379065,1.793816,0.883889,1.640433,1.768798,1.530076,3.484575,4.899157,4.022563,3.101007,1.596032,0.000000,0.000000,0.000000,0.000000,0.000000,0.000000,0.000000,0.000000,0.000000,0.000000,0.000000,0.000000,0.000000,0.000000,0.000000,0.000000,-0.182933,0.683020,1.152164,-0.857219,-1.440184,0.398796,0.572581,-0.073774,-0.443810,-2.110881,-2.321532,-0.497002,-0.459785,-1.441025,-0.554379,0.334812,0.000000,0.000000,0.000000,0.000000,0.000000,0.000000,0.000000,0.000000,0.000000,0.000000,0.000000,0.000000,0.000000,0.000000,0.000000,0.000000,0.218552,1.041931,1.805868,2.115374,2.316221,2.796357,1.940041,1.129024,1.687923,1.413512,1.616660,3.143729,3.788683,3.424834,3.842492,4.278244,
3.068260,2.629900,2.219652,1.857027,1.304406,0.937242,0.749357,0.778102,0.965121,1.047860,1.072548,1.235075,1.220449,1.141958,1.078915,0.926628,0.824570,0.778476,0.541755,0.255788,0.280706,0.371354,0.615859,1.285425,2.092902,2.760784,3.044120,2.902561,2.651523,2.313262,1.895036,1.721585,1.672624,1.512179,1.712410,2.289669,2.727485,2.632074,1.974743,1.383688,1.157967,1.056189,1.161599,1.353987,1.179973,0.964665,0.868154,-0.090899,-1.420909,-1.800069,-2.133091,-2.452503,-2.053100,-1.172910,-1.164079,-1.294352,-0.301156,0.024256,0.188385,0.504056,0.088976,-0.446246,-0.259394,0.026281,0.000000,0.000000,0.000000,0.000000,0.000000,0.000000,0.000000,0.000000,0.000000,0.000000,0.000000,0.000000,0.000000,0.000000,0.000000,0.000000,-1.356178,-2.300199,-1.738626,-1.539453,-1.366716,-0.643727,-0.818236,-1.423449,-0.872739,-1.617116,-1.737404,-0.712903,-0.659385,-0.815978,0.249164,0.664751,0.000000,0.000000,0.000000,0.000000,0.000000,0.000000,0.000000,0.000000,0.000000,0.000000,0.000000,0.000000,0.000000,0.000000,0.000000,0.000000,-0.544877,0.388687,1.218094,-0.512153,-1.450229,-0.721145,-1.101828,-1.882013,-1.823767,-1.757678,-0.676021,1.467395,1.907553,0.994333,0.763728,0.502906,0.000000,0.000000,0.000000,0.000000,0.000000,0.000000,0.000000,0.000000,0.000000,0.000000,0.000000,0.000000,0.000000,0.000000,0.000000,0.000000,-1.051611,-2.071733,-1.768604,-0.516080,1.696421,3.509203,3.379244,3.317396,4.111402,3.642462,2.884039,3.028910,3.147880,2.518224,2.288925,1.098714,0.000000,0.000000,0.000000,0.000000,0.000000,0.000000,0.000000,0.000000,0.000000,0.000000,0.000000,0.000000,0.000000,0.000000,0.000000,0.000000,0.302361,0.344556,0.134945,0.038555,0.315125,0.858014,0.826971,-0.174472,0.054526,0.553708,0.998964,2.908651,4.392207,3.707642,2.600642,1.276952,0.000000,0.000000,0.000000,0.000000,0.000000,0.000000,0.000000,0.000000,0.000000,0.000000,0.000000,0.000000,0.000000,0.000000,0.000000,0.000000,-0.246771,0.297587,0.631433,-0.316169,-0.381749,0.793695,0.615698,-0.057012,-0.244085,-1.640474,-2.190010,-0.837853,-0.525518,-1.317551,-0.418522,0.453687,0.000000,0.000000,0.000000,0.000000,0.000000,0.000000,0.000000,0.000000,0.000000,0.000000,0.000000,0.000000,0.000000,0.000000,0.000000,0.000000,0.290225,0.949054,1.431734,1.751732,1.752917,1.682558,1.325664,1.275643,2.006198,1.521911,1.338987,2.282182,2.539910,2.313781,2.779753,3.188558,
2.685139,2.511095,2.154366,1.786283,1.281921,1.134323,1.177128,1.100528,1.096454,1.181238,1.309909,1.652861,1.733514,1.422642,1.152698,1.127306,1.204341,1.007015,0.720100,0.580510,0.528441,0.470224,0.730626,1.395605,2.044946,2.650953,3.038434,2.986758,2.903079,2.687655,2.215601,1.964554,1.912228,1.833301,2.078069,2.705439,3.064476,2.695514,1.941745,1.366840,1.059061,0.915488,1.039554,1.257962,1.112055,0.872333,0.984803,0.653463,-0.622001,-1.523017,-2.006500,-2.348133,-1.815561,-1.029069,-1.006935,-0.948816,-0.195152,0.302679,0.764603,0.939400,0.264788,-0.378093,-0.230351,0.036907,0.000000,0.000000,0.000000,0.000000,0.000000,0.000000,0.000000,0.000000,0.000000,0.000000,0.000000,0.000000,0.000000,0.000000,0.000000,0.000000,-1.111520,-1.987744,-1.594134,-1.609538,-1.839044,-1.515556,-1.339798,-1.821621,-1.796762,-2.235923,-2.027004,-0.690058,-0.468342,-0.923078,0.212560,0.701785,0.000000,0.000000,0.000000,0.000000,0.000000,0.000000,0.000000,0.000000,0.000000,0.000000,0.000000,0.000000,0.000000,0.000000,0.000000,0.000000,-0.607250,0.459779,1.370081,-0.790528,-2.314456,-1.857351,-1.955119,-2.409865,-2.167637,-1.785661,-0.743835,1.430028,1.711202,0.651454,0.970827,0.840456,0.000000,0.000000,0.000000,0.000000,0.000000,0.000000,0.000000,0.000000,0.000000,0.000000,0.000000,0.000000,0.000000,0.000000,0.000000,0.000000,-1.017356,-1.635027,-1.576385,-1.177499,0.668981,2.752812,3.088243,3.235351,3.560615,3.228021,2.863843,3.146887,3.658785,3.189928,2.655393,1.191187,0.000000,0.000000,0.000000,0.000000,0.000000,0.000000,0.000000,0.000000,0.000000,0.000000,0.000000,0.000000,0.000000,0.000000,0.000000,0.000000,0.448211,0.922258,1.038844,0.660678,0.479272,0.523955,0.675870,0.155806,-0.584677,-0.495187,0.522568,2.523609,3.656346,2.527536,1.604241,0.953356,0.000000,0.000000,0.000000,0.000000,0.000000,0.000000,0.000000,0.000000,0.000000,0.000000,0.000000,0.000000,0.000000,0.000000,0.000000,0.000000,-0.532036,-0.034163,0.547304,-0.210001,-0.334936,0.699427,1.016425,0.240780,-0.446789,-1.723260,-2.035149,-0.988275,-0.797465,-1.251358,-0.112376,0.554594,0.000000,0.000000,0.000000,0.000000,0.000000,0.000000,0.000000,0.000000,0.000000,0.000000,0.000000,0.000000,0.000000,0.000000,0.000000,0.000000,0.185122,0.661793,1.043497,0.799145,0.650047,1.166766,1.632243,1.796544,1.970459,1.404705,1.116472,1.619066,1.707708,1.623225,2.096756,2.565515,
2.067569,2.038177,1.955278,1.579755,0.848389,0.530948,0.684864,0.798441,0.841284,1.048464,1.308230,1.712266,2.019889,1.900111,1.610541,1.564934,1.815746,1.809316,1.585215,1.470687,1.440889,1.286165,1.255490,1.666173,2.239766,2.694165,2.991551,3.033827,2.963933,2.815924,2.550538,2.442543,2.386228,2.255097,2.483995,2.985143,3.237288,2.935848,2.342484,1.798684,1.377967,1.170238,1.222284,1.276581,1.109991,0.794244,0.828066,0.851224,0.131043,-1.061847,-2.340388,-2.906973,-2.306127,-1.298381,-1.166320,-1.126101,-0.374524,0.220321,0.863933,1.251021,0.622534,-0.317408,-0.208672,0.104092,0.000000,0.000000,0.000000,0.000000,0.000000,0.000000,0.000000,0.000000,0.000000,0.000000,0.000000,0.000000,0.000000,0.000000,0.000000,0.000000,-0.706123,-0.760610,-0.446185,-1.628694,-2.410325,-1.945928,-1.537140,-1.778446,-2.071404,-2.531070,-2.065214,-0.315691,-0.110012,-1.001201,-0.000342,0.517265,0.000000,0.000000,0.000000,0.000000,0.000000,0.000000,0.000000,0.000000,0.000000,0.000000,0.000000,0.000000,0.000000,0.000000,0.000000,0.000000,-0.474622,0.162101,0.774597,-1.522532,-3.140239,-2.618384,-2.703254,-2.761880,-2.095913,-1.962886,-1.347550,0.753539,1.221935,0.481000,0.994201,0.815834,0.000000,0.000000,0.000000,0.000000,0.000000,0.000000,0.000000,0.000000,0.000000,0.000000,0.000000,0.000000,0.000000,0.000000,0.000000,0.000000,-0.784353,-1.258526,-0.971644,-0.655334,0.415969,2.151658,2.525683,2.596228,2.790322,2.627311,2.416460,2.924322,3.740795,3.347367,2.275311,0.755835,0.000000,0.000000,0.000000,0.000000,0.000000,0.000000,0.000000,0.000000,0.000000,0.000000,0.000000,0.000000,0.000000,0.000000,0.000000,0.000000,0.505448,1.138907,1.363841,1.156042,1.272521,1.519004,1.495630,1.554331,0.903668,-0.731549,-0.469462,1.373824,1.972295,1.149979,0.599570,0.477962,0.000000,0.000000,0.000000,0.000000,0.000000,0.000000,0.000000,0.000000,0.000000,0.000000,0.000000,0.000000,0.000000,0.000000,0.000000,0.000000,-0.494336,0.028214,0.923628,0.150863,-0.438264,0.610429,1.091498,0.250904,-0.712524,-1.776242,-1.930523,-1.070063,-0.961483,-1.146665,0.288470,0.686191,0.000000,0.000000,0.000000,0.000000,0.000000,0.000000,0.000000,0.000000,0.000000,0.000000,0.000000,0.000000,0.000000,0.000000,0.000000,0.000000,-0.071668,0.401878,1.047842,0.631998,0.517994,1.119747,1.726754,2.149565,2.148654,1.335025,0.943358,1.393822,1.529829,1.380304,1.742633,2.075269,
1.733082,1.489232,1.333874,0.880042,0.082707,-0.256287,0.204608,0.563396,0.579645,0.629053,1.000883,1.681376,2.057703,1.982090,1.810534,1.801633,2.040672,2.298453,2.506441,2.625663,2.615555,2.442191,2.223070,2.178261,2.422801,2.865688,3.202002,3.150597,2.973495,2.780543,2.386554,2.357150,2.609922,2.560610,2.596645,2.958798,3.214239,2.954243,2.458435,2.065897,1.838396,1.630432,1.580403,1.621454,1.390345,0.969016,0.665650,0.471879,0.335400,0.149224,-1.285443,-2.787313,-2.619825,-1.735363,-1.709794,-1.464438,-0.295156,0.449378,1.168662,1.533443,0.778466,-0.234315,-0.081727,0.179403,0.000000,0.000000,0.000000,0.000000,0.000000,0.000000,0.000000,0.000000,0.000000,0.000000,0.000000,0.000000,0.000000,0.000000,0.000000,0.000000,-0.324942,0.167999,0.445365,-1.220919,-2.151172,-1.856343,-1.875852,-1.996247,-1.652432,-1.884283,-1.537914,0.206526,-0.002662,-1.162534,-0.011684,0.552251,0.000000,0.000000,0.000000,0.000000,0.000000,0.000000,0.000000,0.000000,0.000000,0.000000,0.000000,0.000000,0.000000,0.000000,0.000000,0.000000,-0.743968,-0.752340,-0.443415,-2.361400,-3.331780,-2.487114,-2.770712,-3.081464,-2.213634,-2.122819,-1.965971,-0.110573,0.450640,-0.242812,0.384330,0.562750,0.000000,0.000000,0.000000,0.000000,0.000000,0.000000,0.000000,0.000000,0.000000,0.000000,0.000000,0.000000,0.000000,0.000000,0.000000,0.000000,-0.857563,-1.260614,-0.427850,0.414801,1.732509,2.932667,2.477047,1.974806,2.093822,2.079846,1.916734,2.853474,4.025641,3.420419,2.114448,0.679324,0.000000,0.000000,0.000000,0.000000,0.000000,0.000000,0.000000,0.000000,0.000000,0.000000,0.000000,0.000000,0.000000,0.000000,0.000000,0.000000,0.269891,0.658114,1.139689,0.777187,1.573775,3.026429,2.945045,3.343458,3.086756,0.537092,-0.377258,0.897257,1.404264,0.804448,0.425966,0.427025,0.000000,0.000000,0.000000,0.000000,0.000000,0.000000,0.000000,0.000000,0.000000,0.000000,0.000000,0.000000,0.000000,0.000000,0.000000,0.000000,-0.457543,0.144761,1.008081,0.031990,-0.015847,1.323194,1.180896,0.088009,-0.388354,-1.284940,-2.062213,-1.234396,-1.005534,-1.422021,0.465305,1.022469,0.000000,0.000000,0.000000,0.000000,0.000000,0.000000,0.000000,0.000000,0.000000,0.000000,0.000000,0.000000,0.000000,0.000000,0.000000,0.000000,-0.121782,-0.133422,0.450833,0.577473,0.773831,1.421190,1.781232,2.056099,2.401687,1.612169,0.899014,1.363271,1.630974,1.324977,1.536918,1.890578,
1.524796,1.284967,1.249987,0.705672,0.013576,-0.188470,0.228920,0.493333,0.437155,0.496015,1.070182,1.919373,2.238186,2.026550,1.708891,1.616368,1.918491,2.390719,2.788293,2.980633,3.009558,2.821753,2.518258,2.565997,2.956756,3.274616,3.432346,3.203911,2.983339,2.828346,2.391381,2.320464,2.564898,2.536915,2.627233,2.942317,3.163990,2.932544,2.660502,2.549100,2.396510,2.170823,2.111784,2.073091,1.586509,1.069126,0.471824,-0.149614,-0.170142,0.493597,0.409050,-1.137765,-1.888083,-1.326918,-1.337744,-0.927417,0.188118,0.932595,1.805632,2.045009,1.043344,0.018408,-0.010707,0.105644,0.000000,0.000000,0.000000,0.000000,0.000000,0.000000,0.000000,0.000000,0.000000,0.000000,0.000000,0.000000,0.000000,0.000000,0.000000,0.000000,-0.439828,-0.262584,0.068488,-1.443460,-2.385378,-2.135009,-2.166257,-1.981094,-1.386071,-1.414463,-1.001491,0.289790,-0.097424,-1.039566,0.186579,0.680962,0.000000,0.000000,0.000000,0.000000,0.000000,0.000000,0.000000,0.000000,0.000000,0.000000,0.000000,0.000000,0.000000,0.000000,0.000000,0.000000,-0.754051,-1.183257,-1.494726,-3.152617,-3.658098,-2.536875,-2.538172,-2.725023,-2.148810,-2.154088,-1.730110,-0.032973,0.070617,-0.803234,-0.226555,0.208360,0.000000,0.000000,0.000000,0.000000,0.000000,0.000000,0.000000,0.000000,0.000000,0.000000,0.000000,0.000000,0.000000,0.000000,0.000000,0.000000,-0.929952,-0.719555,0.631078,1.216635,2.226775,3.286703,3.007805,1.949804,1.000039,1.089994,2.130938,3.284233,3.542436,2.953952,1.933174,0.586294,0.000000,0.000000,0.000000,0.000000,0.000000,0.000000,0.000000,0.000000,0.000000,0.000000,0.000000,0.000000,0.000000,0.000000,0.000000,0.000000,0.207845,0.110918,0.249780,0.021874,0.480166,2.185926,3.193736,3.938802,3.748869,2.115604,1.777877,2.190787,1.399853,0.440165,0.273357,0.330635,0.000000,0.000000,0.000000,0.000000,0.000000,0.000000,0.000000,0.000000,0.000000,0.000000,0.000000,0.000000,0.000000,0.000000,0.000000,0.000000,-0.146653,0.405292,1.024676,0.084354,0.121711,1.653226,1.574143,0.379157,-0.049296,-1.190679,-1.955577,-0.803472,-0.593582,-1.520039,-0.140069,0.705352,0.000000,0.000000,0.000000,0.000000,0.000000,0.000000,0.000000,0.000000,0.000000,0.000000,0.000000,0.000000,0.000000,0.000000,0.000000,0.000000,-0.170787,-0.684404,-0.229166,0.513573,0.286720,0.838787,1.751839,1.747615,1.838711,1.426344,0.809438,1.255358,1.665425,1.335877,1.299117,1.618001,
1.302191,1.254048,1.440910,1.117470,0.481122,0.310482,0.574198,0.569931,0.484416,0.898455,1.518429,1.812371,1.702123,1.539930,1.531974,1.746901,2.142088,2.592927,2.871395,2.978833,3.015408,2.871647,2.590618,2.684997,3.146132,3.369468,3.370451,3.201460,3.089358,3.051662,2.707506,2.570932,2.688827,2.556190,2.588236,2.891264,3.202445,3.117586,3.033440,3.109258,3.005963,2.660590,2.387283,2.274578,1.786398,1.090741,0.435488,-0.244135,-0.586814,0.054724,0.888853,0.647985,0.151554,0.152476,-0.268752,0.130734,1.098443,1.421541,1.934917,1.794213,0.898235,0.209220,-0.054790,-0.057412,0.000000,0.000000,0.000000,0.000000,0.000000,0.000000,0.000000,0.000000,0.000000,0.000000,0.000000,0.000000,0.000000,0.000000,0.000000,0.000000,-0.422566,-0.878048,-0.791693,-2.001812,-3.356869,-3.145216,-2.384156,-1.763941,-1.547679,-1.739537,-1.287275,-0.343742,-0.658053,-0.829572,0.370693,0.551429,0.000000,0.000000,0.000000,0.000000,0.000000,0.000000,0.000000,0.000000,0.000000,0.000000,0.000000,0.000000,0.000000,0.000000,0.000000,0.000000,-0.375933,-0.867837,-1.291632,-2.817788,-3.631552,-2.642375,-2.511883,-2.435250,-2.122785,-2.540411,-1.848401,-0.379180,-0.927283,-1.248832,-0.497724,-0.178432,0.000000,0.000000,0.000000,0.000000,0.000000,0.000000,0.000000,0.000000,0.000000,0.000000,0.000000,0.000000,0.000000,0.000000,0.000000,0.000000,0.083072,0.314643,1.121991,1.879444,1.851415,2.584873,2.723028,1.660975,0.219998,-0.111463,1.563156,2.741323,1.885698,2.052347,2.223252,0.831406,0.000000,0.000000,0.000000,0.000000,0.000000,0.000000,0.000000,0.000000,0.000000,0.000000,0.000000,0.000000,0.000000,0.000000,0.000000,0.000000,-0.520635,-1.216955,-0.327047,0.110764,-0.171088,1.271239,2.434833,2.979638,3.076144,2.267018,2.701816,2.978980,1.148226,0.171623,0.657993,0.514279,0.000000,0.000000,0.000000,0.000000,0.000000,0.000000,0.000000,0.000000,0.000000,0.000000,0.000000,0.000000,0.000000,0.000000,0.000000,0.000000,-0.655319,-0.473112,1.012804,1.128553,0.926869,1.645815,1.581017,0.948690,0.597990,-0.542997,-0.820359,0.117087,-0.365178,-1.058038,-0.191680,0.254194,0.000000,0.000000,0.000000,0.000000,0.000000,0.000000,0.000000,0.000000,0.000000,0.000000,0.000000,0.000000,0.000000,0.000000,0.000000,0.000000,-0.309065,-0.901134,-0.492707,0.011219,-0.533587,-0.019852,1.332682,1.620865,1.294454,1.032748,1.002707,1.423782,1.929712,1.739525,1.431505,1.453607,
1.772940,1.571996,1.695047,1.376361,0.827488,0.511592,0.488155,0.608247,0.759555,1.165652,1.437340,1.366401,1.171556,1.181967,1.592780,2.161056,2.597545,2.985496,3.319147,3.409446,3.207836,2.939646,2.766199,2.843754,3.057276,3.177236,3.222235,3.094873,3.068580,3.220414,3.004737,2.642218,2.519649,2.398269,2.600903,2.915631,3.195794,3.237883,3.267834,3.395818,3.230312,2.853556,2.579499,2.377169,1.979993,1.550928,1.149034,0.690774,0.324524,0.368940,0.751763,1.043051,1.276512,1.535351,0.879431,0.789800,1.613277,1.744010,1.620107,1.309633,0.676889,-0.231155,-0.476337,-0.130994,0.000000,0.000000,0.000000,0.000000,0.000000,0.000000,0.000000,0.000000,0.000000,0.000000,0.000000,0.000000,0.000000,0.000000,0.000000,0.000000,-0.152007,-0.472952,-1.272018,-2.490053,-3.063503,-2.864513,-2.457517,-2.037444,-1.978295,-2.546135,-2.277730,-1.135508,-0.956340,-1.041563,-0.077322,0.296235,0.000000,0.000000,0.000000,0.000000,0.000000,0.000000,0.000000,0.000000,0.000000,0.000000,0.000000,0.000000,0.000000,0.000000,0.000000,0.000000,0.407515,0.745139,0.199224,-1.461897,-2.840351,-2.257165,-2.060954,-2.162553,-1.783641,-2.357387,-1.579120,-0.159732,-0.964452,-1.762883,-1.376809,-0.621804,0.000000,0.000000,0.000000,0.000000,0.000000,0.000000,0.000000,0.000000,0.000000,0.000000,0.000000,0.000000,0.000000,0.000000,0.000000,0.000000,0.789152,1.330567,1.156984,0.791955,-0.016260,0.885375,1.226490,0.428730,-0.242488,-0.776879,0.288782,1.974987,1.560736,1.607323,1.558272,0.471529,0.000000,0.000000,0.000000,0.000000,0.000000,0.000000,0.000000,0.000000,0.000000,0.000000,0.000000,0.000000,0.000000,0.000000,0.000000,0.000000,-0.029231,-0.010190,0.397570,0.338661,0.230552,1.575485,1.719045,1.662151,2.489281,2.262902,2.619569,3.187615,1.403341,-0.394464,-0.377674,0.069204,0.000000,0.000000,0.000000,0.000000,0.000000,0.000000,0.000000,0.000000,0.000000,0.000000,0.000000,0.000000,0.000000,0.000000,0.000000,0.000000,-0.470116,-0.217810,1.025224,1.137455,1.311182,2.399942,1.954015,1.629236,1.826345,0.744544,0.705236,1.425652,0.865459,0.412377,0.531808,0.223246,0.000000,0.000000,0.000000,0.000000,0.000000,0.000000,0.000000,0.000000,0.000000,0.000000,0.000000,0.000000,0.000000,0.000000,0.000000,0.000000,-0.265892,-0.043561,0.461833,0.759817,0.751647,0.916998,1.246857,1.494234,1.755361,1.175165,0.859014,1.173594,1.494706,1.503040,1.515217,1.817197,
2.606208,2.122523,1.748626,1.439445,0.868278,0.301426,0.350430,0.708183,0.860029,0.697781,0.379644,0.278211,0.569138,1.100143,1.809152,2.461267,2.880919,3.183999,3.399912,3.312871,3.041905,2.966924,2.918774,2.965118,3.219461,3.413304,3.363430,3.107431,2.960458,3.015321,2.806912,2.334143,2.076668,2.020845,2.349652,2.939999,3.402716,3.440363,3.502721,3.608070,3.194320,2.726160,2.732612,2.873398,2.675566,2.412249,2.224413,1.799028,1.455420,1.453717,1.073319,0.719522,1.020041,1.658338,1.601712,1.364635,1.638048,1.598061,1.435393,1.249099,0.579825,-0.497055,-0.834713,-0.336012,0.000000,0.000000,0.000000,0.000000,0.000000,0.000000,0.000000,0.000000,0.000000,0.000000,0.000000,0.000000,0.000000,0.000000,0.000000,0.000000,0.333445,1.065341,-0.231236,-2.225830,-1.556126,-0.470473,-1.018440,-1.568306,-1.456212,-2.259032,-2.403725,-1.275483,-0.728371,-1.268504,-1.167202,-0.346849,0.000000,0.000000,0.000000,0.000000,0.000000,0.000000,0.000000,0.000000,0.000000,0.000000,0.000000,0.000000,0.000000,0.000000,0.000000,0.000000,0.645621,1.604397,0.882514,-0.937283,-1.758306,-1.341079,-1.510302,-2.007937,-1.257029,-1.388159,-1.137531,-0.028755,-0.641836,-2.151323,-1.985114,-0.683531,0.000000,0.000000,0.000000,0.000000,0.000000,0.000000,0.000000,0.000000,0.000000,0.000000,0.000000,0.000000,0.000000,0.000000,0.000000,0.000000,0.418485,1.095191,0.744201,-0.427120,-1.161707,-0.362947,-0.262230,-0.684755,-0.431913,-0.368978,0.643501,2.230587,2.452775,1.927703,0.764664,0.106899,0.000000,0.000000,0.000000,0.000000,0.000000,0.000000,0.000000,0.000000,0.000000,0.000000,0.000000,0.000000,0.000000,0.000000,0.000000,0.000000,0.768141,2.599376,2.787152,1.481334,1.505436,2.510421,2.252566,1.927246,2.847920,2.914604,2.808261,2.443176,0.930581,-1.142242,-1.848529,-0.754664,0.000000,0.000000,0.000000,0.000000,0.000000,0.000000,0.000000,0.000000,0.000000,0.000000,0.000000,0.000000,0.000000,0.000000,0.000000,0.000000,-0.141819,0.708834,1.490759,0.953880,1.235401,2.613938,2.821468,2.550237,2.633222,1.635544,1.883561,2.565860,2.175473,1.419194,1.170277,0.693353,0.000000,0.000000,0.000000,0.000000,0.000000,0.000000,0.000000,0.000000,0.000000,0.000000,0.000000,0.000000,0.000000,0.000000,0.000000,0.000000,0.876813,2.282597,2.433370,1.973389,1.841157,2.432687,2.534239,2.258493,2.276407,1.212202,0.643656,1.067255,1.417327,1.628989,1.747686,2.362027,
2.999560,2.359621,1.791867,1.732428,1.521673,1.269076,1.291553,1.305063,1.047698,0.473613,0.180399,0.662876,1.476174,2.142133,2.502083,2.688978,2.959578,3.318779,3.374546,2.958248,2.607360,2.778045,2.947251,3.010382,3.387763,3.827998,3.922213,3.738064,3.507446,3.280512,2.774653,2.159355,1.922036,1.988698,2.330430,2.973318,3.571224,3.725942,3.778511,3.729135,3.161724,2.616054,2.766713,3.268457,3.325853,3.228176,3.086189,2.513443,1.975634,2.010100,1.621426,0.472380,0.193046,0.912064,1.206676,1.179432,1.227221,0.953823,0.876561,0.874509,0.051080,-0.621866,-0.618156,-1.396902,-2.590945,-3.390567,-4.901715,-6.322064,-6.261770,-5.963329,-5.793200,-5.148642,-4.441191,-3.456232,-2.241647,-1.628983,-0.866268,-0.180404,0.496153,1.070606,1.137518,1.887161,2.146589,1.436487,1.132426,1.228982,0.595298,-0.015343,-0.096122,-1.122808,-1.604365,-1.150282,-1.394112,-1.418138,-0.958476,-1.768655,-3.124758,-3.353125,-2.831867,-1.325112,0.383975,1.560746,1.979351,2.001376,2.061494,1.835215,1.484075,1.321159,1.582811,1.860703,1.802801,2.265556,1.907960,1.054703,0.867857,0.097187,-0.771258,-0.784931,-0.744112,-1.016211,-0.722280,-0.905458,-0.590943,-0.131525,-1.242527,-1.812587,-1.371193,-2.366462,-3.844851,-4.434910,-3.891597,-2.554459,-1.906199,-1.623635,-1.209847,-1.095517,-1.202921,-0.943974,0.152967,1.693388,2.773824,2.749392,2.999709,3.522323,1.955403,0.230225,-0.006587,-0.266172,-1.296289,-1.009623,-0.704407,-0.721821,0.089138,0.638063,1.421276,2.512066,2.019915,0.719374,-0.658572,-3.474409,-5.074435,-4.272399,-3.422601,-2.404055,-2.121236,-2.173067,-1.763514,-0.475846,1.535353,2.592884,2.672996,2.890234,3.700056,4.489408,4.639813,5.030384,4.908298,4.066149,4.113960,3.501170,2.499428,2.756684,3.281021,3.316903,3.505254,2.944653,2.262022,1.110155,-0.582416,-1.650173,-1.943518,-2.948879,-4.046482,-3.792912,-2.839483,-0.774430,0.776144,1.267368,2.111974,3.364441,4.490949,4.877096,4.889163,5.010132,5.616203,6.686430,6.422059,6.189212,5.563863,3.882451,3.193171,2.661674,2.296968,2.915345,3.543050,3.708806,3.687820,2.950623,3.255789,4.208097,3.965541,3.190017,2.756367,2.657414,2.996842,3.289633,3.245999,3.580691,4.488602,5.341931,5.957551,6.503305,7.296393,7.865950,7.858576,7.902560,8.645492,9.267562,8.561426,8.355952,7.926170,6.739692,7.000258,7.920656,7.192533,6.012938,5.415157,4.934130,4.788422,4.296319,3.896603,3.907512,4.085215,3.868645,3.139076,2.993927,
5.055214,3.615911,2.412009,1.915916,1.968457,2.115617,2.157770,1.816682,0.838884,0.100709,0.452049,1.751838,2.851174,3.248596,3.234957,3.190257,3.127109,2.964885,2.763742,2.420806,2.147191,2.299228,2.554529,2.840593,3.428966,4.036806,4.318977,4.347287,4.165769,3.743826,3.127011,2.658032,2.622479,2.631649,2.726546,3.139124,3.583811,3.793285,3.935549,3.936927,3.444753,2.740672,2.648203,3.063694,3.269690,3.308310,3.248970,2.759591,1.901316,1.599049,1.231523,0.189334,-0.245420,0.294747,0.619443,0.659798,0.745280,0.248765,-0.020662,0.063374,-0.299430,-0.855492,-1.150609,-1.145794,-1.612902,-2.818584,-3.729342,-4.402743,-5.119499,-4.739686,-3.689708,-3.013000,-2.096246,-0.822130,-0.106851,0.424718,1.160016,1.872402,2.088181,2.175871,2.632394,3.041282,3.310322,3.291022,2.862979,2.696203,2.016828,1.107914,0.855591,-0.346937,-1.160858,-0.779750,-1.365155,-1.922496,-1.928608,-2.019751,-1.867468,-1.834011,-1.247549,-0.447231,-0.240113,-0.007185,0.650960,1.421546,1.448376,1.495964,2.094142,2.327005,2.242137,2.818219,2.821122,2.456372,2.655040,2.190607,1.450957,0.411453,-0.226622,0.240130,-0.019175,-0.690943,-0.611721,-0.479509,-0.291827,0.196682,-0.449554,-1.678125,-1.992988,-2.517153,-2.891413,-2.897589,-2.070524,-0.873700,-0.680590,-0.499116,0.490208,1.312537,2.036699,2.586094,2.972556,3.374801,3.398859,3.682401,3.663743,3.471630,2.767193,1.340016,0.549361,-0.292085,-1.047518,-0.622479,-0.675123,-0.327199,0.827902,0.921263,0.809555,1.451238,0.423140,-2.273734,-4.110670,-5.188505,-5.006552,-4.356930,-3.482379,-2.004628,-1.212709,-0.531958,0.362141,1.087476,1.583389,2.224651,2.572966,2.542814,2.704618,3.891721,5.019799,6.239670,6.579792,5.445921,4.230441,3.173057,2.810976,2.979059,3.087140,3.328927,3.744428,2.461290,0.852640,0.619624,-0.171087,-1.548174,-2.328020,-2.995506,-2.736802,-1.911687,-0.867323,0.929546,1.693454,1.788545,2.413504,3.227127,3.824903,4.008999,3.821858,4.256089,4.914757,6.004025,6.705903,7.198229,7.586826,7.314055,6.558555,4.566456,3.503246,3.883911,3.995841,4.172081,4.646544,4.566320,5.139494,6.386486,6.213403,5.260931,4.639865,4.900031,5.719794,6.590672,7.014214,7.269632,7.817157,8.025313,8.386267,8.920149,9.449036,9.818256,9.838807,9.952577,10.159359,10.748911,10.624043,10.921523,12.011695,11.748166,11.353527,11.139083,11.018642,11.122413,11.015999,9.943250,8.859824,8.692106,8.887551,9.139770,8.972732,8.087447,7.070129,6.200242,
7.134371,5.104390,3.084452,2.274537,2.448757,2.889464,3.095446,2.840043,2.362189,1.990769,2.089794,2.835307,3.591316,3.806842,3.523960,3.166070,2.694496,2.086442,1.662986,1.330972,1.346515,1.902398,2.488390,3.161952,3.916743,4.275609,4.225692,4.174347,4.089715,3.719723,3.276205,3.106346,3.178164,3.035588,2.749369,2.836774,3.239885,3.448564,3.575336,3.712822,3.528314,2.892375,2.599701,2.698129,2.679648,2.632499,2.567467,2.239919,1.477424,0.863427,0.347159,-0.254477,-0.415158,-0.034532,0.002438,-0.098292,0.064779,-0.369296,-0.899855,-0.887435,-0.865599,-0.756889,-0.557630,-0.627192,-0.888318,-1.101860,-1.834745,-3.073137,-3.678600,-3.177777,-1.747933,-0.244394,0.481404,0.836232,1.410628,1.625449,2.029601,3.071626,3.344471,2.890057,2.714723,3.198025,3.954801,4.200913,4.048526,3.797693,2.705375,1.597013,1.246594,0.064328,-1.172024,-1.787273,-2.167326,-2.010433,-1.815677,-1.879539,-1.464995,-0.616079,-0.393414,-0.951256,-1.714483,-1.827711,-1.411485,-0.671108,0.005015,0.014082,0.128982,0.627171,0.785630,1.216912,1.573865,1.123682,0.972424,1.184344,1.403468,1.394741,0.944263,0.394607,-0.334049,-0.765283,-0.396535,-0.423360,-0.410097,-0.136654,-0.525148,-1.031456,-0.868718,-1.009011,-0.647625,-0.316384,-0.756375,-1.444952,-1.541506,-0.895344,-0.180288,0.749180,2.611962,4.112115,4.484850,4.410688,4.003682,3.941460,4.012824,3.386662,1.830103,0.460339,0.442014,0.300266,-0.332108,-0.066195,-0.201183,-0.220649,0.554870,0.430985,-0.458108,-1.753858,-3.497641,-4.166832,-4.242199,-4.318548,-3.749011,-3.410232,-3.031415,-2.201200,-1.439231,0.108576,1.016981,1.307233,1.888178,2.161331,2.413892,2.877530,2.357754,2.864521,4.137208,4.961692,4.887796,4.029986,3.772686,3.458944,2.951489,2.954561,2.543376,2.316965,2.998178,2.142667,0.570829,-0.374948,-0.958695,-0.646275,-0.483313,-0.942777,-0.566427,0.761400,2.110510,2.230099,1.697709,1.694190,1.915033,2.628644,3.347521,3.096088,3.176579,3.929258,4.311035,5.080711,5.964483,6.295950,6.711349,6.623322,6.072565,5.455709,5.038394,4.804062,4.473551,4.561080,5.432239,5.722101,6.079682,7.050813,7.577133,6.899060,6.340863,6.604578,6.826926,7.132267,7.228093,7.394619,7.766670,8.002860,8.079470,8.240476,8.707924,9.185226,9.316028,9.603181,9.859966,10.163813,10.057369,10.148036,10.476203,10.090416,10.031579,10.478741,11.079538,11.505912,12.009833,12.085444,11.591296,11.045209,10.862628,11.183908,11.329144,10.668766,9.432997,8.401158,
7.247005,5.558532,3.494372,2.467213,2.506391,2.814031,3.377899,3.959344,4.122378,4.185525,3.904430,3.437479,3.173668,3.147581,3.031471,2.317643,1.164253,0.465194,0.351222,0.440859,0.886236,1.793646,2.592578,3.134140,3.612273,3.854482,3.704015,3.634583,3.807897,3.864843,3.869709,3.991432,3.749395,3.145418,2.805368,2.950217,3.290024,3.556987,3.608198,3.448605,3.246094,2.884730,2.459501,2.210727,2.166377,2.061234,1.870855,1.490056,0.971208,0.615534,0.094146,-0.377003,-0.365318,-0.017587,-0.140443,-0.364024,-0.273569,-0.653709,-1.200094,-1.195959,-0.999624,-0.859013,-0.402697,0.495625,0.970316,0.856988,0.147112,-0.718646,-0.650749,-0.431483,-0.020361,0.913689,1.397749,1.424794,1.603529,1.794579,2.138683,2.969609,3.672477,3.504316,3.387238,3.708137,3.804518,3.678583,3.663960,4.091621,3.426358,2.086814,1.654040,0.963705,0.025876,-0.623838,-1.313044,-1.995016,-1.665766,-0.344088,0.088010,0.093246,-0.238545,-1.378404,-1.777404,-1.721007,-1.821644,-1.785448,-1.462080,-1.196125,-1.040195,-0.585522,-0.372371,-0.095666,0.583309,0.546470,0.276009,0.832346,1.179823,0.720120,0.069640,-0.226000,-0.512816,-0.729928,-0.721828,-0.780464,-0.482753,0.061912,-0.009111,-0.408997,-0.080397,0.905588,1.495878,1.262385,0.135531,-1.386977,-1.645117,-0.845212,-0.520152,-0.011345,1.418191,2.746242,3.319093,3.063425,2.717203,2.908525,2.953540,1.292079,-0.355124,0.276058,0.598362,-0.521486,-1.291798,-0.542274,-0.085785,-0.119120,0.276122,-0.278804,-1.270478,-1.829476,-3.157937,-4.347714,-3.723606,-2.186562,-2.153223,-2.144224,-1.321200,-0.938379,-0.382208,0.490563,1.054175,1.258111,1.694112,1.382751,1.054747,1.756695,2.504724,2.863609,3.399111,3.036347,2.653248,3.484004,3.968126,3.238734,2.365721,2.761944,2.376945,1.862882,2.227101,1.667775,0.596493,-0.231322,-1.106508,-1.428851,-0.385674,1.979746,3.439824,3.528275,3.384965,3.217750,3.091632,3.031445,2.852538,2.832441,3.251774,3.405701,3.144289,3.323992,3.864190,4.209542,5.304136,5.839751,5.629377,5.937862,6.105831,5.504130,4.756086,4.943515,5.313238,5.417340,5.930229,6.342030,6.433996,7.053754,7.883085,7.972451,7.726541,7.634758,7.688968,7.714339,7.573404,7.622956,7.797624,8.224515,8.569901,8.468131,8.483539,8.770330,9.047568,9.475441,9.993373,10.011147,9.724056,9.661002,9.888674,9.713010,9.684916,9.915494,10.042648,10.388309,11.101694,11.793212,11.726748,11.517942,11.263322,11.119781,11.180962,10.648845,9.389534,8.222139,
8.294333,7.068261,5.601058,4.282115,3.392457,2.893514,2.762644,3.130133,3.844513,4.168152,3.611850,2.752808,1.847979,1.225456,0.911064,0.434432,-0.097769,-0.177343,0.058044,0.381399,0.829344,1.397895,1.705242,1.908040,2.228621,2.417733,2.443368,2.740216,3.305429,3.741456,3.915569,3.992171,3.581644,2.828516,2.487329,2.598892,2.874136,3.269844,3.270569,2.860366,2.583915,2.318368,1.846659,1.352143,1.112495,1.050624,0.985910,0.647732,0.339396,0.134796,-0.337225,-0.717179,-0.750883,-0.520303,-0.591213,-0.566473,-0.482552,-0.949620,-1.435437,-1.688921,-1.386713,-0.880336,-0.426468,0.274762,0.778192,1.168602,1.509523,1.768700,1.757581,1.427103,1.363699,1.586704,1.586269,1.550148,1.337448,1.578795,2.291438,2.678937,2.651758,2.069497,1.743595,1.810455,1.923075,1.492149,1.219645,1.866183,1.843169,1.461714,1.699219,1.488844,1.001197,0.291977,-0.497553,-0.829763,-1.067259,-0.464209,0.201701,-0.109376,-1.014589,-1.978765,-2.499350,-2.714737,-2.533013,-2.165636,-1.930070,-1.646662,-1.265472,-0.806375,0.106907,0.797360,1.419448,1.403591,0.910325,0.889085,0.878471,0.746576,0.339909,-0.378299,-1.125278,-1.268712,-1.075686,-1.719700,-1.811775,-1.541495,-1.281716,-1.108511,-1.112334,-0.454127,0.030048,-0.198313,-0.829752,-1.534470,-2.008129,-2.081997,-1.360743,-0.349198,0.426712,1.328231,1.836706,1.043108,0.925799,1.570171,1.488088,0.438627,-0.092998,0.472408,0.250269,-0.261334,-0.494028,-0.412162,-0.227951,-0.230528,0.059337,-0.575747,-1.206914,-1.591101,-1.859896,-2.023652,-2.138319,-1.805587,-1.500021,-0.777874,-0.036613,0.512870,0.907134,0.455223,0.873003,1.750453,1.807107,1.944868,2.548161,3.119366,4.099017,4.383474,4.311215,4.044127,4.034472,4.524126,4.371659,3.662390,3.303872,3.490409,2.902528,2.134553,2.402353,1.939438,0.963942,-0.345254,-1.093314,-0.518473,0.852558,2.724427,3.907820,4.135930,3.931830,3.639141,3.332083,2.589717,2.424088,3.221212,3.999879,4.489396,4.041829,3.087049,3.626168,4.843234,6.420942,7.052343,6.895333,6.989507,6.545966,5.626817,5.388705,5.792736,6.062310,6.141845,6.621862,6.952113,6.842495,7.062484,7.475629,7.718040,7.543689,7.361712,7.315430,7.335602,7.387280,7.468199,7.296925,7.373531,7.566052,7.610560,7.758298,8.209994,8.422643,8.549697,8.936050,9.233034,9.341404,9.232319,9.405880,9.516918,10.027764,10.594365,10.872373,10.994630,10.962932,11.357708,11.787375,11.954455,11.813426,11.531031,11.418863,11.158536,10.232615,9.241423,
8.288691,7.432252,6.066729,5.017750,4.157544,2.810248,1.653664,1.086673,0.993457,1.105231,1.028277,0.577478,-0.130990,-0.743838,-1.139038,-1.262559,-1.046720,-0.515580,0.106013,0.605288,0.927654,1.144989,1.252788,1.484998,1.830242,2.130947,2.407784,2.745985,3.107931,3.411230,3.385466,3.130791,2.758930,2.445473,2.341335,2.348272,2.511692,2.875129,3.031247,2.799576,2.604751,2.393396,1.915059,1.282389,0.740067,0.464144,0.447441,0.332075,0.211813,0.091790,-0.127267,-0.247758,-0.376786,-0.149385,-0.101803,-0.067441,-0.160027,-0.651809,-0.904089,-0.949861,-1.101444,-0.833457,-0.060248,0.313379,0.690995,1.222577,1.664828,2.159811,2.389750,2.074324,1.660607,1.731412,1.534342,1.333568,1.330080,1.291604,1.316780,1.257913,1.199285,0.193825,-0.965235,-0.969555,-0.842822,-1.418129,-1.556416,-1.032421,-0.606037,-0.105554,0.609074,1.024042,0.997958,1.098569,0.905520,0.355600,0.376232,0.673238,0.695006,-0.158094,-1.727236,-2.770590,-3.236801,-3.263412,-2.692688,-2.543359,-2.736974,-2.380620,-1.558612,-0.791569,0.105729,0.762216,1.301027,1.661673,1.435469,1.438692,0.811174,-0.098507,-0.069906,-0.510738,-1.460179,-2.012307,-1.878249,-2.377837,-3.024356,-3.192632,-3.127178,-3.105285,-3.160917,-2.667085,-1.616691,-0.952827,-1.108789,-1.735972,-2.190659,-2.003373,-1.155557,-0.295113,0.127839,0.432788,0.636791,0.376930,-0.350635,-1.045904,-1.451888,-1.455888,-0.953833,-0.120656,0.145370,0.373809,0.669267,0.595504,0.123153,0.079973,0.130781,-0.355858,-1.163174,-1.313695,-0.615383,0.004775,0.002037,0.253203,0.998701,1.649109,1.493009,1.410074,1.547084,1.353368,1.508977,2.137258,2.321668,2.381946,3.262622,4.934618,5.863589,5.175716,3.984428,3.628657,3.987686,4.232765,4.194671,4.227387,4.328343,4.275004,3.605635,2.919688,2.794512,2.496496,2.032407,1.831897,1.927234,2.545555,3.718678,4.573710,5.109921,5.109985,4.582253,4.181064,3.705011,3.074666,2.985931,3.438236,3.955685,4.619905,5.056890,5.089783,5.605965,6.126786,6.541312,6.728453,6.725585,6.664128,6.366773,6.105405,6.175456,6.243465,6.109948,6.348895,7.068866,7.285510,7.087504,7.242780,7.642644,7.676567,7.601936,7.536152,7.579134,7.805799,7.745573,7.634062,7.497615,7.555588,7.546210,7.469110,7.553471,8.211559,8.693920,8.676033,9.161888,9.260517,8.963158,9.083102,9.255097,9.021544,9.148676,9.924379,10.753204,10.995831,10.907507,11.152631,11.438848,11.734239,11.661033,11.149200,10.947856,10.699195,9.800861,8.917429,
8.514499,7.382140,6.552524,5.585961,4.143166,2.510309,0.619634,-1.371622,-2.658418,-2.895959,-2.834184,-2.846425,-2.802952,-2.881082,-3.048667,-3.045624,-2.704117,-2.097543,-1.548568,-1.081276,-0.617876,-0.236823,0.075482,0.554641,1.095089,1.444612,1.708767,2.002065,2.143646,2.100348,1.960652,1.725071,1.519005,1.577076,1.744565,1.886619,2.007971,2.201391,2.363045,2.362711,2.156586,1.675027,1.142320,0.499130,-0.164079,-0.635866,-0.888792,-0.984170,-0.865150,-0.784965,-0.876620,-0.727315,-0.538215,-0.391882,-0.508790,-0.424861,-0.467103,-0.821979,-0.857832,-0.834177,-0.965502,-0.881720,-0.406056,-0.020756,0.357340,0.836151,1.156456,1.477517,1.663765,1.506385,1.196446,1.035550,0.819055,0.597252,0.475455,0.386611,0.197069,-0.459044,-1.101106,-1.432753,-2.103148,-2.660941,-2.588773,-2.593954,-2.811464,-2.990083,-2.778442,-2.085883,-1.142187,-0.413474,0.342130,1.073599,1.198459,1.144312,1.318406,1.067674,0.351580,-0.820479,-2.103932,-2.912598,-2.986885,-2.752202,-2.926597,-3.155582,-3.035244,-2.889324,-2.875957,-2.231105,-0.685571,0.512014,1.045489,1.160223,1.046587,0.392698,-0.977095,-1.804940,-1.908139,-2.358516,-3.193948,-3.513398,-2.971951,-2.960686,-3.196938,-3.243487,-3.607092,-4.016955,-3.934797,-3.191267,-2.393164,-1.611319,-0.907817,-0.584583,-0.492993,-0.441021,-0.459815,0.370930,1.285885,0.897407,-0.066266,-0.247051,-0.324165,-1.283519,-1.618123,-1.043321,-0.535227,-0.017609,0.647443,1.419244,1.611178,1.478137,1.256262,1.207510,1.505372,1.221758,0.798552,0.515093,0.670910,1.392784,2.051756,2.533842,2.922902,3.249498,2.772386,2.350147,2.903812,3.403729,2.827412,2.572472,2.951725,2.959274,3.442746,4.865512,5.705553,4.854036,3.669881,3.362607,3.777614,4.075149,4.352695,4.487085,4.264134,4.353403,3.923845,3.399264,3.652371,3.730561,3.951371,4.395191,4.867978,5.504479,5.747183,5.559777,5.320455,5.089647,4.771383,4.623095,4.847158,4.855452,4.252242,4.043061,4.568208,5.127829,5.415400,5.635695,6.245809,6.641115,6.660936,6.321129,6.105917,6.317128,6.322828,6.042715,5.774676,6.045156,6.192724,6.081013,6.653191,7.050231,6.983669,7.090058,7.296587,7.584421,7.862839,7.891485,7.852798,8.072766,7.925895,7.803603,8.060900,8.210889,8.082032,8.231805,8.270868,8.170270,8.288480,8.588840,9.071393,9.094223,9.199461,9.626380,9.843781,9.773230,9.743539,9.899199,10.130401,10.829123,11.621223,11.839388,11.947535,12.495972,12.987749,12.780656,12.199122,11.617904,10.821998,9.756137,
8.527066,7.542466,7.120475,6.564458,5.251122,3.520066,2.082604,0.647884,-0.749819,-1.290362,-1.096116,-0.772763,-0.497494,-0.271996,-0.188090,-0.235113,-0.311518,-0.199769,-0.032003,0.190502,0.599875,0.977167,1.205537,1.477400,1.728334,1.986821,2.258055,2.565854,2.574047,2.498696,2.482692,2.317670,2.157173,2.227666,2.463904,2.750726,2.841990,2.780801,2.835996,2.820946,2.674903,2.334125,1.977193,1.543505,1.089449,0.640829,0.449284,0.232426,0.108798,0.281636,0.277987,0.170731,0.392844,0.582511,0.399136,0.507261,0.511154,0.460959,0.570271,0.421288,0.249924,0.305130,0.528789,0.810553,1.147204,1.354655,1.524880,1.746988,1.931264,2.007160,1.834807,1.895836,1.853135,1.652030,1.516676,1.345385,1.669512,1.608570,0.970149,0.486367,0.627264,0.650866,0.378289,0.274585,0.033721,-0.371799,-0.591453,-0.099873,0.342716,0.738804,1.170259,1.229085,1.378506,1.726418,1.774971,1.522529,1.146803,0.352940,-0.272816,-0.223335,-0.041639,-0.127467,-0.227297,-0.113445,0.258049,0.318463,0.270079,0.522470,1.353185,2.210753,2.680213,2.877678,2.948959,2.365305,1.315641,0.551938,0.108915,-0.422553,-0.717066,-0.598138,-0.400748,-0.065494,0.069027,-0.153916,-0.592454,-0.858782,-1.061010,-0.905752,-0.504390,0.108368,0.907645,1.178765,1.191328,1.380238,1.254834,1.551295,2.678596,3.204043,2.778475,2.281683,2.367924,2.420163,2.583907,2.728515,3.139933,3.615996,3.574401,3.189070,3.030007,3.191920,2.908602,3.029140,3.140741,2.975624,2.743421,2.445707,2.025579,2.073812,2.330515,2.620062,2.805645,2.741392,2.895237,2.669229,2.543355,3.091340,3.228949,3.252504,3.768955,3.930356,3.962073,4.688382,5.403643,5.229417,4.895155,4.710277,4.835368,4.991633,4.904942,4.653093,4.464910,4.502671,4.237359,4.080127,4.076541,4.312640,4.439799,4.438025,4.694931,4.788850,4.413272,3.943107,3.757342,3.643871,3.556934,3.533461,3.834686,4.158068,3.873669,3.775534,4.600281,5.163400,5.545063,5.934354,6.042855,6.006153,6.110938,6.101450,6.041708,5.981208,5.883493,5.750285,5.542041,5.534288,5.337631,5.128314,5.451099,5.993350,5.988280,5.495819,5.523784,5.758854,5.549136,5.676649,5.807961,5.746223,5.713306,5.517794,5.539836,5.849844,5.921847,5.986595,6.356998,6.656346,6.605504,6.466864,6.658587,6.845028,7.075027,7.122331,7.458406,7.792138,7.680016,7.638366,7.676874,8.172801,8.882950,9.330681,9.690283,10.297405,10.639302,10.763456,10.986425,10.792591,10.306372,9.651909,
5.555096,5.321413,5.185385,5.133476,4.870829,4.438924,4.081683,3.784753,3.530107,3.366542,3.320196,3.365608,3.461025,3.565178,3.591891,3.557983,3.503465,3.462961,3.417588,3.435684,3.527992,3.611790,3.640598,3.718643,3.833494,3.954473,4.062613,4.177763,4.230008,4.236396,4.212121,4.156193,4.076232,4.005297,4.044508,4.149364,4.276793,4.369459,4.361186,4.315724,4.229171,4.122134,4.042851,3.978611,3.862410,3.736583,3.623891,3.448924,3.264867,3.180122,3.101825,3.029225,3.085456,3.119346,3.129021,3.241846,3.213066,3.149830,3.153805,3.155901,3.122195,3.154586,3.251400,3.372898,3.429603,3.467471,3.484622,3.437236,3.478816,3.521625,3.586286,3.670176,3.602633,3.593517,3.668365,3.742070,3.858520,3.986638,4.033698,3.965004,3.884956,3.917267,3.956046,3.885555,3.826596,3.681271,3.551539,3.463583,3.250849,3.235484,3.197180,3.084762,2.998503,3.101642,3.223687,3.234257,3.308697,3.386647,3.395360,3.491915,3.600634,3.487220,3.574394,3.835552,3.884682,3.919253,4.006845,4.014446,4.042753,4.087832,4.142481,4.236515,4.362741,4.278698,4.143531,4.067657,4.026692,3.723782,3.483529,3.450386,3.306263,3.266773,3.247574,3.081285,2.919251,3.016104,3.105262,3.047231,3.189786,3.365254,3.427328,3.417537,3.438074,3.360494,3.427778,3.708712,3.973550,4.220383,4.404684,4.439726,4.576405,4.539941,4.493005,4.618717,4.689509,4.632814,4.629324,4.557404,4.433343,4.316906,4.139400,3.938840,3.721355,3.646078,3.482000,3.224244,3.120540,3.215210,3.287744,3.205785,3.321313,3.438704,3.344563,3.243534,3.299352,3.312773,3.417660,3.712987,3.905926,4.164617,4.438193,4.405261,4.487087,4.533261,4.507939,4.515790,4.594845,4.572765,4.614233,4.639832,4.624261,4.554819,4.483924,4.359454,4.186833,4.149800,3.988385,3.747339,3.702904,3.804150,3.794393,3.615314,3.624025,3.603690,3.504201,3.347205,3.369705,3.474257,3.638139,3.811075,3.998935,4.401189,4.791893,4.839062,4.773225,4.669111,4.560107,4.641055,4.844941,4.891221,4.841985,4.759190,4.594550,4.434331,4.363791,4.268250,4.161412,4.254537,4.213920,4.040043,4.099806,4.133464,4.110993,4.094007,4.150900,4.175448,4.118990,4.086925,3.975063,3.964151,4.113410,4.149094,4.262629,4.569808,4.803636,4.834223,4.737434,4.608559,4.529116,4.614799,4.649414,4.662395,4.792614,4.934933,4.927425,4.886597,4.987266,5.179429,5.314859,5.459805,5.529491,5.613891,5.792171,5.897063,5.899331,5.774146,
4.047388,4.119137,4.219724,4.269696,4.233976,4.206743,4.187692,4.133773,4.064606,4.020746,4.000504,3.960307,3.937500,3.960050,3.978052,3.983285,3.983197,3.977951,3.940551,3.916034,3.911469,3.918405,3.912777,3.942211,3.994792,4.063798,4.119061,4.150532,4.138326,4.115768,4.091357,4.060105,4.027820,4.017237,4.025002,4.069700,4.119371,4.168662,4.188060,4.189982,4.159528,4.101641,4.052232,4.034059,3.984651,3.955870,3.951481,3.900521,3.814192,3.768428,3.712955,3.670070,3.702895,3.727575,3.721993,3.782599,3.789455,3.805215,3.814354,3.826635,3.840739,3.880325,3.923059,3.957453,3.988112,3.999326,3.984521,3.947603,3.967032,3.955326,3.944902,3.993980,3.962556,3.949155,3.934532,3.888378,3.869469,3.901371,3.973024,4.000941,3.970511,3.945975,3.876581,3.820990,3.834132,3.822207,3.762897,3.730863,3.656014,3.680442,3.676365,3.658960,3.682486,3.745418,3.797655,3.799504,3.871252,3.943835,3.974626,3.964631,4.036736,4.001813,3.956159,4.009198,4.019279,3.995512,4.008890,3.984044,3.933928,3.827223,3.821126,3.773721,3.832179,3.756150,3.744148,3.749928,3.817406,3.794156,3.766751,3.748624,3.652867,3.633576,3.649760,3.674778,3.730228,3.813102,3.859859,3.841127,3.953411,3.987154,4.015669,3.986048,4.006114,3.969486,3.955754,4.021027,4.075995,4.068184,4.024229,3.947421,3.973705,3.928781,3.911806,3.876359,3.958316,3.964844,3.982441,4.014387,4.068933,4.079225,4.067532,4.027178,3.832529,3.785188,3.780789,3.780396,3.848579,3.940431,3.966045,3.913147,4.042043,4.107161,4.131835,4.081202,4.111094,4.019714,3.962659,3.940486,4.014700,4.006997,3.986469,3.986057,4.041217,3.984277,4.007988,3.950482,3.978786,3.926627,4.004998,4.100443,4.208125,4.223553,4.258712,4.262552,4.166780,4.135521,4.123317,4.097567,4.111586,4.138963,4.147049,4.068028,4.170979,4.145687,4.147622,4.082210,4.058189,3.920468,3.904057,3.984482,4.053714,4.094696,4.104362,4.070959,4.112247,4.058546,4.056916,4.030088,4.107604,4.125213,4.108369,4.127772,4.189243,4.136352,4.119002,4.187194,4.169040,4.166146,4.173968,4.154768,4.205243,4.217005,4.216966,4.200638,4.236849,4.243865,4.246694,4.268703,4.183483,4.074747,4.104978,4.110542,4.083663,4.118048,4.141330,4.142648,4.154918,4.075506,4.058498,4.117690,4.092931,4.102833,4.132636,4.196414,4.258950,4.316981,4.382346,4.419466,4.445658,4.502192,4.452359,4.346625,4.268726,4.183506,4.142903,4.097169,
4.011886,4.071138,4.111860,4.124780,4.117185,4.106812,4.084921,4.026691,3.970265,3.929486,3.900893,3.882302,3.886726,3.913910,3.928861,3.945151,3.944046,3.940157,3.918796,3.920900,3.918920,3.931626,3.931560,3.959710,3.984471,4.019587,4.034845,4.059368,4.059294,4.059011,4.040383,4.023971,4.009129,4.021016,4.028378,4.051552,4.052880,4.075281,4.086178,4.086970,4.073322,4.055114,4.029627,4.008401,3.976851,3.951693,3.939111,3.921166,3.897850,3.890067,3.865816,3.850116,3.877420,3.894385,3.870130,3.905388,3.911363,3.916106,3.901998,3.908014,3.892382,3.895196,3.910166,3.915736,3.932395,3.940103,3.947250,3.961242,3.990063,4.001600,3.968738,3.982249,3.954968,3.942843,3.936367,3.954348,3.977333,3.985363,4.001141,4.008279,4.024609,4.013712,3.984349,3.963270,3.955491,3.943505,3.897075,3.890322,3.851039,3.853664,3.833700,3.828183,3.826740,3.833450,3.875006,3.864118,3.884671,3.879452,3.901817,3.912706,3.934449,3.953788,3.951708,3.957873,3.959547,3.961573,3.958179,3.972672,4.003431,3.984531,4.004053,3.979354,4.004289,3.964198,3.993747,3.928214,3.911552,3.873951,3.826978,3.809110,3.807125,3.814727,3.808971,3.819859,3.839795,3.827451,3.872428,3.839952,3.871526,3.871040,3.890624,3.888682,3.918329,3.933754,3.938251,3.959096,3.939727,3.964353,4.000388,4.032539,4.067062,4.052307,4.079330,4.044335,4.049527,4.005249,4.033293,4.009815,4.017226,4.006472,4.006720,3.993653,3.965882,3.931408,3.960513,3.938875,3.940188,3.922988,3.975991,3.921057,3.923476,3.873951,3.912276,3.908222,3.943321,3.949584,3.984765,3.987715,3.987788,4.008077,4.026483,4.020888,4.050358,4.025456,4.064947,4.047762,4.090612,4.047846,4.094448,4.054814,4.083866,4.078239,4.119573,4.105866,4.113586,4.088291,4.102303,4.067265,4.074792,4.026841,4.079208,4.032294,4.044651,3.978733,3.984373,3.958164,4.005790,3.999672,4.020238,4.018138,4.037088,4.054354,4.085843,4.074830,4.111836,4.098084,4.135383,4.144931,4.170818,4.134773,4.150383,4.114541,4.106173,4.102007,4.059626,4.068174,4.082399,4.088435,4.093093,4.078758,4.081892,4.067900,4.092018,4.084969,4.097532,4.100358,4.108975,4.066730,4.072753,4.062512,4.057885,4.054275,4.062389,4.112195,4.112841,4.117313,4.128610,4.102380,4.080375,4.083227,4.066978,4.089326,4.125368,4.132061,4.132943,4.182413,4.210092,4.224167,4.245099,4.292646,4.271357,4.245387,4.242445,4.182952,4.137112,4.121580,
4.000000,4.000000,4.000000,4.000000,4.000000,4.000000,4.000000,4.000000,4.000000,4.000000,4.000000,4.000000,4.000000,4.000000,4.000000,4.000000,4.000000,4.000000,4.000000,4.000000,4.000000,4.000000,4.000000,4.000000,4.000000,4.000000,4.000000,4.000000,4.000000,4.000000,4.000000,4.000000,4.000000,4.000000,4.000000,4.000000,4.000000,4.000000,4.000000,4.000000,4.000000,4.000000,4.000000,4.000000,4.000000,4.000000,4.000000,4.000000,4.000000,4.000000,4.000000,4.000000,4.000000,4.000000,4.000000,4.000000,4.000000,4.000000,4.000000,4.000000,4.000000,4.000000,4.000000,4.000000,4.000000,4.000000,4.000000,4.000000,4.000000,4.000000,4.000000,4.000000,4.000000,4.000000,4.000000,4.000000,4.000000,4.000000,4.000000,4.000000,4.000000,4.000000,4.000000,4.000000,4.000000,4.000000,4.000000,4.000000,4.000000,4.000000,4.000000,4.000000,4.000000,4.000000,4.000000,4.000000,4.000000,4.000000,4.000000,4.000000,4.000000,4.000000,4.000000,4.000000,4.000000,4.000000,4.000000,4.000000,4.000000,4.000000,4.000000,4.000000,4.000000,4.000000,4.000000,4.000000,4.000000,4.000000,4.000000,4.000000,4.000000,4.000000,4.000000,4.000000,4.000000,4.000000,4.000000,4.000000,4.000000,4.000000,4.000000,4.000000,4.000000,4.000000,4.000000,4.000000,4.000000,4.000000,4.000000,4.000000,4.000000,4.000000,4.000000,4.000000,4.000000,4.000000,4.000000,4.000000,4.000000,4.000000,4.000000,4.000000,4.000000,4.000000,4.000000,4.000000,4.000000,4.000000,4.000000,4.000000,4.000000,4.000000,4.000000,4.000000,4.000000,4.000000,4.000000,4.000000,4.000000,4.000000,4.000000,4.000000,4.000000,4.000000,4.000000,4.000000,4.000000,4.000000,4.000000,4.000000,4.000000,4.000000,4.000000,4.000000,4.000000,4.000000,4.000000,4.000000,4.000000,4.000000,4.000000,4.000000,4.000000,4.000000,4.000000,4.000000,4.000000,4.000000,4.000000,4.000000,4.000000,4.000000,4.000000,4.000000,4.000000,4.000000,4.000000,4.000000,4.000000,4.000000,4.000000,4.000000,4.000000,4.000000,4.000000,4.000000,4.000000,4.000000,4.000000,4.000000,4.000000,4.000000,4.000000,4.000000,4.000000,4.000000,4.000000,4.000000,4.000000,4.000000,4.000000,4.000000,4.000000,4.000000,4.000000,4.000000,4.000000,4.000000,4.000000,4.000000,4.000000,4.000000,4.000000,4.000000,4.000000,4.000000,4.000000,4.000000,4.000000,4.000000,4.000000,4.000000,4.000000,4.000000,4.000000,4.000000,
