0,0,0,0,120000,1200.000000,-0.080000,-0.080000,-0.080000
2.919347,2.963119,2.994356,3.014399,3.027146,3.040723,3.052182,3.056525,3.070649,3.072696,3.051091,3.028136,3.025485,3.025715,3.014430,3.007584,2.998677,2.973747,2.945190,2.928814,2.913758,2.892419,2.870750,2.850879,2.822870,2.780866,2.749573,2.725759,2.681935,2.631257,2.591123,2.523135,2.421759,2.340052,2.264903,2.154425,2.043875,1.942381,1.801017,1.649161,1.521819,1.373213,1.204687,1.053579,0.887241,0.724092,0.570405,0.423866,0.296721,0.171333,0.056057,-0.054751,-0.164010,-0.272939,-0.369591,-0.442142,-0.498264,-0.545963,-0.571345,-0.573100,-0.534679,-0.468129,-0.367376,-0.168043,-0.034486,-0.037397,-0.112501,-0.245163,-0.448116,-0.653761,-0.850910,-1.038995,-1.208854,-1.335270,-1.423288,-1.458337,-1.448481,-1.376936,-1.274271,-1.177887,-0.781288,-1.125439,-1.427810,-1.767462,-2.088399,-2.352515,-2.520290,-2.564743,-2.484477,-2.315290,-2.085380,-1.783857,-1.435008,-1.093693,-0.718330,-0.412545,-0.351801,0.092759,0.390638,0.528995,0.456814,0.258370,-0.023652,-0.346033,-0.672584,-0.941516,-1.125147,-1.190912,-1.171032,-1.034728,-0.813791,-0.558409,-0.387370,-0.599805,-0.795729,-1.165273,-1.617985,-2.134946,-2.632153,-3.016416,-3.229529,-3.253674,-3.082856,-2.732621,-2.231750,-1.662886,-1.014472,-0.505407,-0.248661,0.600696,1.291040,1.818446,2.095024,2.140122,1.962993,1.527680,0.866492,0.105839,-0.573742,-1.037418,-1.246713,-1.129370,-0.719279,-0.069646,0.166479,0.390742,0.679447,0.697227,0.411782,-0.225921,-1.115422,-2.069657,-2.839316,-3.243042,-3.257178,-2.984078,-2.514215,-1.930490,-1.211337,-0.634290,-0.369358,0.640881,1.377791,1.729874,1.577304,0.976107,-0.018908,-1.213801,-2.269129,-2.935860,-3.182566,-3.094723,-2.697012,-1.977746,-1.058387,-0.057583,0.375965,0.939208,1.690793,2.319190,2.800175,3.062707,3.048338,2.748773,2.237600,1.612880,0.983939,0.440151,0.064762,-0.113153,0.000209,0.104347,0.356511,0.681733,0.808839,0.757311,0.503508,0.124877,-0.346611,-0.806086,-1.157547,-1.364238,-1.421623,-1.306778,-1.016743,-0.543953,0.019426,0.659681,0.633522,1.048437,1.578758,2.081644,2.550934,2.935028,3.226354,3.392676,3.437993,3.366689,3.150458,2.835243,2.490926,2.131321,1.783758,1.343936,2.124713,2.065586,2.048732,2.078490,2.139717,2.237641,2.348938,2.476606,2.597722,2.703910,2.796405,2.870905,2.913061,2.964911,3.010072,3.076872,1.497935,1.467662,1.548079,1.643928,1.742955,1.867306,1.982071,2.079944,2.203716,2.345530,2.449661,2.532902,2.617510,2.703351,2.789091,2.865749,
2.441176,2.469961,2.483748,2.507448,2.532096,2.538600,2.550640,2.574633,2.581345,2.570999,2.578515,2.592459,2.594586,2.607331,2.632191,2.634349,2.618711,2.616812,2.616305,2.598025,2.584639,2.590585,2.585855,2.562238,2.552572,2.552356,2.530118,2.498410,2.489019,2.467846,2.410491,2.363992,2.329519,2.254605,2.167937,2.112781,2.039304,1.927082,1.830092,1.740710,1.623706,1.509063,1.399052,1.263978,1.110431,0.980668,0.858640,0.735990,0.623637,0.521992,0.430608,0.316047,0.201914,0.112570,0.037889,-0.038699,-0.104339,-0.147555,-0.166177,-0.177089,-0.169356,-0.131053,-0.068439,-0.002100,0.036197,-0.017004,-0.108652,-0.240879,-0.405164,-0.590998,-0.769413,-0.915952,-1.049547,-1.161858,-1.238542,-1.264364,-1.243338,-1.170234,-1.056035,-0.951835,-0.594405,-0.785428,-0.931207,-1.120531,-1.324542,-1.482895,-1.562403,-1.616362,-1.639776,-1.578753,-1.436635,-1.267393,-1.078201,-0.863935,-0.595575,-0.362511,-0.402143,-0.113894,0.085964,0.163434,0.088377,-0.079942,-0.284942,-0.505215,-0.711924,-0.849425,-0.914204,-0.901243,-0.820862,-0.673750,-0.481334,-0.288557,-0.200708,-0.263974,-0.273062,-0.397232,-0.587415,-0.821122,-1.069904,-1.361597,-1.629147,-1.792082,-1.803034,-1.691366,-1.462231,-1.145759,-0.737327,-0.378424,-0.256789,0.268279,0.703902,1.007060,1.138644,1.132030,1.006845,0.750826,0.400817,0.027914,-0.289064,-0.505113,-0.590142,-0.518690,-0.304100,0.035115,0.134028,0.297140,0.476845,0.487137,0.331377,-0.048013,-0.618273,-1.328363,-1.944188,-2.239087,-2.226686,-2.046595,-1.742070,-1.390274,-0.968842,-0.582864,-0.576053,0.017142,0.474360,0.722044,0.666923,0.347323,-0.195868,-0.851021,-1.409437,-1.741244,-1.843541,-1.799168,-1.610246,-1.251038,-0.751427,-0.163886,0.203765,0.613884,1.072421,1.427278,1.675186,1.759631,1.659691,1.344260,0.903060,0.474936,0.147876,-0.087969,-0.202766,-0.218483,-0.100206,-0.035433,-0.048409,0.107200,0.160964,0.121438,-0.017991,-0.219580,-0.458519,-0.686415,-0.865904,-0.982330,-1.001069,-0.898412,-0.665948,-0.285513,0.188975,0.693211,0.605134,0.950730,1.306368,1.614808,1.896950,2.110318,2.260739,2.324395,2.292164,2.207064,2.104237,1.953737,1.763242,1.578580,1.422994,1.176063,1.987725,1.956925,1.960005,2.004111,2.090470,2.197816,2.312945,2.415341,2.507372,2.599783,2.665739,2.725363,2.785831,2.834804,2.880930,2.943123,1.453402,1.418763,1.434119,1.510368,1.599873,1.656957,1.732486,1.846167,1.938368,2.017640,2.106502,2.191806,2.255583,2.307537,2.354694,2.399236,
2.169339,2.192885,2.220299,2.237505,2.253391,2.273055,2.295277,2.308808,2.313075,2.322631,2.341438,2.357029,2.372262,2.397922,2.423439,2.432859,2.433085,2.435415,2.433490,2.424558,2.414350,2.406917,2.404776,2.398107,2.384596,2.379292,2.379452,2.364144,2.343740,2.321310,2.287774,2.254035,2.218269,2.157333,2.096749,2.059054,1.996701,1.905651,1.838489,1.773834,1.683816,1.604246,1.513052,1.398298,1.290655,1.177976,1.053927,0.956219,0.864269,0.764332,0.670106,0.574609,0.483304,0.384687,0.290048,0.214054,0.164533,0.119803,0.079748,0.056326,0.053229,0.070196,0.085564,0.061871,0.050215,-0.016072,-0.103387,-0.221225,-0.356318,-0.497032,-0.644897,-0.768890,-0.875863,-0.958081,-1.020721,-1.051908,-1.039772,-0.965495,-0.855693,-0.730446,-0.394015,-0.465515,-0.518033,-0.591813,-0.668346,-0.772362,-0.884185,-0.976875,-1.042781,-1.077484,-1.065297,-1.008120,-0.887626,-0.735332,-0.587650,-0.428417,-0.566320,-0.374418,-0.252847,-0.224238,-0.298102,-0.417401,-0.556296,-0.665894,-0.732440,-0.737144,-0.702951,-0.615232,-0.493525,-0.352248,-0.181017,0.005655,0.014103,0.045310,0.158504,0.252020,0.304681,0.252573,0.100635,-0.133323,-0.422760,-0.718194,-0.933965,-1.044099,-1.003271,-0.861495,-0.670339,-0.448871,-0.521245,-0.212632,0.029239,0.162620,0.192257,0.156619,0.055920,-0.063835,-0.165533,-0.209560,-0.224413,-0.227756,-0.215669,-0.143309,-0.025181,0.136641,0.154955,0.242401,0.308015,0.331195,0.300996,0.134481,-0.188380,-0.651196,-1.094932,-1.384255,-1.492069,-1.473334,-1.337040,-1.161967,-0.966034,-0.716852,-0.993524,-0.674894,-0.449568,-0.327919,-0.304355,-0.356043,-0.481728,-0.645195,-0.792797,-0.859531,-0.870359,-0.829827,-0.756343,-0.613529,-0.374411,-0.050647,0.201979,0.459467,0.648784,0.796479,0.858894,0.731036,0.457582,0.105235,-0.225664,-0.474927,-0.599567,-0.595204,-0.477118,-0.345174,-0.243773,-0.221085,-0.438328,-0.362168,-0.315450,-0.304902,-0.334686,-0.373346,-0.415145,-0.450428,-0.501555,-0.516354,-0.476107,-0.385358,-0.231155,0.043807,0.418908,0.834780,0.666141,0.941288,1.161395,1.345194,1.503152,1.584093,1.592572,1.566300,1.520665,1.442212,1.353986,1.274678,1.213716,1.177115,1.153796,1.046768,1.933982,1.969706,2.014765,2.080638,2.184288,2.306952,2.413874,2.494938,2.554076,2.613020,2.660754,2.715235,2.766230,2.811175,2.859129,2.922548,1.452551,1.421340,1.428399,1.477418,1.548551,1.613265,1.675180,1.757347,1.830803,1.895782,1.959061,2.015434,2.061839,2.106106,2.138237,2.156113,
2.046117,2.062913,2.103274,2.121347,2.130699,2.157730,2.178605,2.192250,2.217732,2.243957,2.250414,2.259880,2.291519,2.312515,2.320003,2.345650,2.371372,2.364054,2.350950,2.359695,2.359732,2.333726,2.320981,2.329475,2.320047,2.299335,2.302923,2.305958,2.275379,2.244182,2.236718,2.201952,2.145013,2.116293,2.087050,2.026022,1.976640,1.944975,1.884017,1.806040,1.753391,1.706997,1.620094,1.527131,1.451280,1.354804,1.256941,1.180089,1.085129,0.992039,0.902819,0.806863,0.712788,0.603894,0.507312,0.433775,0.371296,0.300049,0.238912,0.202186,0.178145,0.151297,0.122982,0.090720,0.114195,0.043255,-0.033896,-0.131691,-0.241623,-0.343071,-0.452656,-0.552776,-0.632874,-0.692103,-0.750561,-0.797466,-0.804889,-0.747237,-0.641254,-0.496618,-0.220386,-0.209469,-0.182722,-0.178973,-0.202598,-0.269940,-0.404225,-0.550303,-0.643901,-0.738080,-0.815492,-0.836128,-0.786035,-0.685711,-0.581639,-0.460414,-0.696901,-0.561849,-0.491137,-0.506217,-0.572240,-0.655575,-0.735882,-0.738984,-0.680795,-0.590751,-0.486719,-0.363310,-0.238899,-0.115033,0.037380,0.225704,0.179823,0.270986,0.445811,0.641803,0.787494,0.822563,0.691098,0.443910,0.167972,-0.171152,-0.496543,-0.727074,-0.820773,-0.782764,-0.679401,-0.535677,-0.805416,-0.631281,-0.524558,-0.517561,-0.540789,-0.570903,-0.643313,-0.641178,-0.558151,-0.440697,-0.327969,-0.218635,-0.161564,-0.109917,0.003860,0.142795,0.145241,0.181513,0.203298,0.237272,0.239052,0.162857,-0.003125,-0.230530,-0.495001,-0.811177,-1.064046,-1.193944,-1.200931,-1.111440,-0.990329,-0.819930,-1.297429,-1.099129,-1.006911,-0.995488,-0.951938,-0.847774,-0.737210,-0.589090,-0.463688,-0.403585,-0.380104,-0.303910,-0.244715,-0.199677,-0.062130,0.166947,0.244015,0.390522,0.481340,0.517759,0.416274,0.146312,-0.219427,-0.553277,-0.761325,-0.889646,-0.907739,-0.813529,-0.649555,-0.467697,-0.356947,-0.337250,-0.625114,-0.531887,-0.457368,-0.416630,-0.368505,-0.290291,-0.224117,-0.152576,-0.082688,-0.003746,0.060125,0.143111,0.250663,0.406663,0.651126,0.973920,0.695552,0.897314,1.062667,1.197466,1.249660,1.234413,1.171007,1.093901,1.057648,0.991534,0.899379,0.854436,0.856904,0.888480,0.930922,0.941100,1.909138,1.992547,2.086812,2.205839,2.325565,2.420357,2.500546,2.572868,2.626990,2.678939,2.722711,2.761774,2.796008,2.833967,2.880325,2.931162,1.456694,1.440127,1.461686,1.491837,1.531058,1.615378,1.686051,1.723863,1.782360,1.857507,1.912205,1.949946,1.969491,1.985419,2.010529,2.037166,
1.998582,2.013763,2.037333,2.071794,2.096642,2.110968,2.134412,2.176903,2.210795,2.227853,2.241067,2.257533,2.275284,2.295126,2.321038,2.341588,2.352375,2.360746,2.361262,2.348831,2.340349,2.335096,2.316218,2.296225,2.296975,2.298640,2.282596,2.267762,2.255672,2.231276,2.208141,2.179275,2.141440,2.110745,2.080054,2.037319,2.004767,1.974870,1.920491,1.873617,1.838329,1.782447,1.722688,1.670893,1.591499,1.504053,1.449619,1.379614,1.280057,1.211757,1.128248,1.021887,0.922155,0.824026,0.742300,0.646648,0.547737,0.461986,0.390524,0.330642,0.270592,0.213805,0.169031,0.122758,0.175949,0.112215,0.033005,-0.047002,-0.124525,-0.185657,-0.238217,-0.288189,-0.341734,-0.390962,-0.439888,-0.474863,-0.495933,-0.490640,-0.411715,-0.259728,-0.077351,-0.008534,0.098753,0.179756,0.184762,0.133983,0.050305,-0.093441,-0.264918,-0.432296,-0.552821,-0.632553,-0.687085,-0.675932,-0.599646,-0.499033,-0.850069,-0.763268,-0.722997,-0.769726,-0.839334,-0.870518,-0.838307,-0.732112,-0.595773,-0.430746,-0.264051,-0.116038,0.008752,0.102576,0.214648,0.370033,0.271667,0.402491,0.601812,0.825357,0.968628,0.996492,0.916110,0.710124,0.419556,0.088144,-0.220014,-0.494901,-0.698137,-0.775811,-0.742102,-0.646304,-1.141583,-1.093272,-1.120987,-1.222367,-1.289291,-1.274196,-1.187437,-0.997254,-0.780218,-0.557915,-0.342987,-0.163743,-0.069629,-0.023357,0.062820,0.152232,0.115767,0.127364,0.128300,0.117614,0.066241,0.031422,0.031648,-0.013491,-0.167879,-0.429772,-0.700290,-0.927259,-1.070274,-1.084153,-1.009790,-0.887194,-1.570158,-1.502289,-1.515529,-1.541860,-1.451718,-1.232024,-0.913999,-0.548242,-0.239249,-0.006249,0.134947,0.239139,0.268120,0.239992,0.289208,0.407901,0.298185,0.396418,0.424538,0.333343,0.102283,-0.200051,-0.501255,-0.759906,-0.902062,-0.931721,-0.886224,-0.812986,-0.698150,-0.538000,-0.431770,-0.389420,-0.682483,-0.585527,-0.528254,-0.468922,-0.342429,-0.172633,0.015966,0.209278,0.378878,0.540349,0.683938,0.808128,0.875550,0.922242,1.039555,1.226338,0.737860,0.885209,1.012362,1.060237,1.007126,0.926056,0.844249,0.742808,0.652524,0.589658,0.565735,0.557190,0.586884,0.678477,0.787993,0.888322,1.920119,2.031984,2.161941,2.287756,2.384397,2.456269,2.523340,2.595176,2.660314,2.721350,2.767534,2.808803,2.846214,2.870537,2.913353,2.980754,1.500063,1.494514,1.512184,1.553298,1.586458,1.625709,1.685063,1.747035,1.793026,1.829539,1.859947,1.902398,1.933869,1.934583,1.930342,1.959158,
1.967644,2.006598,2.026497,2.058801,2.101194,2.133648,2.170089,2.213906,2.238910,2.259266,2.288491,2.304020,2.305464,2.331247,2.372451,2.382374,2.377171,2.392530,2.404469,2.382342,2.357862,2.357212,2.350485,2.322412,2.308507,2.313472,2.303190,2.282745,2.270908,2.247297,2.215745,2.202618,2.186535,2.133794,2.091714,2.084149,2.059924,2.007048,1.967275,1.950180,1.911635,1.856955,1.823837,1.779022,1.701847,1.642825,1.593549,1.516610,1.449645,1.394024,1.296896,1.210384,1.118938,1.009193,0.916096,0.807603,0.711645,0.632613,0.541612,0.444229,0.359133,0.284450,0.220810,0.158879,0.240273,0.184211,0.122009,0.077542,0.048374,0.024702,0.006160,0.000073,-0.014718,-0.043822,-0.085842,-0.127980,-0.157827,-0.166211,-0.133316,-0.022249,0.067830,0.166335,0.278203,0.398503,0.452911,0.406873,0.327611,0.205378,0.027798,-0.164662,-0.342428,-0.494929,-0.590915,-0.620054,-0.609865,-0.542452,-0.955197,-0.939215,-0.948558,-0.981924,-1.026876,-1.018068,-0.916841,-0.741367,-0.538372,-0.323943,-0.119302,0.044658,0.183876,0.290697,0.347967,0.441661,0.329372,0.462861,0.617699,0.803851,0.898036,0.858743,0.763263,0.621850,0.415698,0.159611,-0.121164,-0.407644,-0.624197,-0.748026,-0.798091,-0.757758,-1.425710,-1.496128,-1.624690,-1.737652,-1.796259,-1.730671,-1.514109,-1.188330,-0.855701,-0.557995,-0.331456,-0.161598,-0.031521,0.058589,0.104719,0.136589,0.111839,0.123085,0.086390,0.019913,-0.085155,-0.139706,-0.086058,-0.016800,-0.044354,-0.211257,-0.480864,-0.772683,-0.968263,-1.036411,-1.030724,-0.950655,-1.769475,-1.809490,-1.860223,-1.846552,-1.739336,-1.478032,-1.045112,-0.528183,-0.061671,0.299290,0.491711,0.555304,0.579876,0.605443,0.599413,0.590002,0.355428,0.407931,0.357240,0.218594,-0.017033,-0.304760,-0.540019,-0.698667,-0.767674,-0.760157,-0.734355,-0.725154,-0.667459,-0.552083,-0.483694,-0.421317,-0.680811,-0.590386,-0.504940,-0.371801,-0.197447,-0.002494,0.239741,0.534772,0.811563,1.057872,1.259667,1.385891,1.458231,1.493409,1.476888,1.488310,0.813563,0.890191,0.915861,0.902385,0.837396,0.713543,0.579302,0.471235,0.379200,0.329745,0.334305,0.338287,0.395189,0.526521,0.668932,0.832105,1.905981,2.037999,2.185649,2.315927,2.411768,2.485417,2.542473,2.612688,2.690968,2.759090,2.815823,2.859020,2.903996,2.953156,3.003972,3.065258,1.564791,1.565024,1.550546,1.589273,1.635127,1.651675,1.682164,1.749217,1.795828,1.817037,1.836179,1.850194,1.865180,1.895376,1.909275,1.920760,
1.929009,1.977691,2.023198,2.065375,2.117832,2.175475,2.221219,2.257281,2.295016,2.329202,2.344197,2.360087,2.389273,2.411482,2.423697,2.443901,2.461758,2.452739,2.442065,2.447762,2.439033,2.408135,2.392607,2.392783,2.375917,2.351231,2.341397,2.328798,2.305751,2.288918,2.268732,2.238645,2.217287,2.190649,2.158586,2.130173,2.101083,2.078043,2.055222,2.017179,1.979311,1.961753,1.932426,1.867737,1.814747,1.782019,1.723025,1.663900,1.622346,1.547796,1.453779,1.394970,1.304389,1.197253,1.104224,1.005432,0.913440,0.802215,0.678173,0.565590,0.469160,0.368972,0.269446,0.191140,0.303987,0.247071,0.221008,0.216416,0.211604,0.231742,0.261499,0.297629,0.322883,0.328279,0.313032,0.265402,0.205714,0.173604,0.167454,0.216844,0.187995,0.319927,0.443276,0.546429,0.629678,0.631232,0.542898,0.413563,0.266475,0.090923,-0.113678,-0.327673,-0.488476,-0.562126,-0.587579,-0.551088,-1.018514,-1.032800,-1.068510,-1.121787,-1.156895,-1.110437,-0.963072,-0.737598,-0.481793,-0.240006,-0.011043,0.178078,0.300465,0.371508,0.405762,0.466351,0.340264,0.486573,0.604007,0.694103,0.704319,0.629984,0.515312,0.401577,0.292322,0.133836,-0.089210,-0.348828,-0.577947,-0.737175,-0.821357,-0.821540,-1.641972,-1.777696,-1.930471,-2.043088,-2.080347,-1.950705,-1.646529,-1.233552,-0.821661,-0.492176,-0.274415,-0.127271,-0.028672,0.048143,0.098325,0.115039,0.108275,0.150246,0.107465,-0.014097,-0.161516,-0.232728,-0.213772,-0.137037,-0.070753,-0.154971,-0.379194,-0.638902,-0.864581,-0.998300,-1.032598,-0.976780,-1.879415,-1.961361,-2.025625,-2.018838,-1.902469,-1.597341,-1.107457,-0.500837,0.073864,0.488237,0.697271,0.758966,0.769955,0.802415,0.788815,0.712879,0.376540,0.395091,0.306942,0.132692,-0.095134,-0.318478,-0.480861,-0.555946,-0.559746,-0.569646,-0.589416,-0.602598,-0.609678,-0.577258,-0.510543,-0.397152,-0.598604,-0.507149,-0.377701,-0.216520,-0.050726,0.158238,0.434670,0.775335,1.133384,1.456077,1.713843,1.874154,1.936335,1.938168,1.858706,1.762022,0.886720,0.886278,0.837351,0.768172,0.659008,0.499285,0.338983,0.230054,0.170620,0.129809,0.117120,0.159472,0.259479,0.392689,0.571540,0.796248,1.881066,2.008556,2.162726,2.301342,2.395744,2.477940,2.546582,2.638040,2.729976,2.802781,2.889914,2.965416,3.022813,3.082084,3.139932,3.196211,1.619236,1.627889,1.637975,1.647155,1.661476,1.694323,1.711616,1.719533,1.735615,1.766589,1.798378,1.805609,1.790952,1.825006,1.882944,1.903238,
1.940151,1.983500,2.036886,2.099188,2.164885,2.231568,2.281551,2.321281,2.368110,2.405842,2.419152,2.437802,2.474878,2.499986,2.508692,2.523819,2.544183,2.543303,2.526648,2.518997,2.517285,2.500982,2.477993,2.462359,2.444640,2.423250,2.409844,2.389661,2.357002,2.340905,2.333042,2.300748,2.264054,2.243710,2.224931,2.190612,2.160524,2.145730,2.122090,2.086705,2.066491,2.050088,2.007208,1.960945,1.932140,1.887175,1.835311,1.812092,1.763133,1.681789,1.625774,1.557567,1.448240,1.379429,1.286294,1.169915,1.062883,0.932201,0.824796,0.713224,0.580104,0.442338,0.329418,0.238348,0.377912,0.340394,0.332004,0.344067,0.370782,0.429862,0.506921,0.596756,0.677357,0.714453,0.703561,0.670995,0.617878,0.552598,0.496834,0.494466,0.315971,0.439585,0.548836,0.623174,0.673950,0.711942,0.675615,0.567297,0.438329,0.258242,0.068255,-0.126470,-0.342334,-0.497623,-0.541289,-0.513334,-1.008806,-1.052242,-1.122152,-1.203052,-1.211083,-1.105408,-0.929009,-0.695988,-0.408609,-0.147209,0.087706,0.305568,0.407811,0.418748,0.441773,0.500125,0.344673,0.465917,0.523386,0.508355,0.418748,0.343296,0.277124,0.206728,0.160706,0.066622,-0.065598,-0.252355,-0.499945,-0.707888,-0.818476,-0.849634,-1.771644,-1.917236,-2.056981,-2.155886,-2.135842,-1.932596,-1.601705,-1.173557,-0.734538,-0.418177,-0.224652,-0.090737,-0.020067,0.034192,0.089100,0.111719,0.103803,0.162430,0.118520,-0.040388,-0.218144,-0.290025,-0.275625,-0.206298,-0.114440,-0.146315,-0.277593,-0.473121,-0.727634,-0.928135,-1.004007,-0.968279,-1.914807,-2.015333,-2.073815,-2.065901,-1.913497,-1.547878,-1.054895,-0.457496,0.137959,0.540662,0.747918,0.839997,0.838508,0.825315,0.805683,0.733698,0.352554,0.337840,0.224968,0.009217,-0.218893,-0.340604,-0.378792,-0.389982,-0.367741,-0.384046,-0.409274,-0.437366,-0.511520,-0.551925,-0.499021,-0.352425,-0.490627,-0.392969,-0.236330,-0.062123,0.126638,0.374570,0.670951,1.013622,1.400250,1.739832,1.994000,2.192020,2.274710,2.229247,2.106374,1.961498,0.910906,0.840305,0.754303,0.606623,0.400469,0.244549,0.142611,0.032899,-0.028601,-0.062814,-0.058901,0.023383,0.135581,0.267712,0.478277,0.754562,1.836869,1.969407,2.121505,2.256467,2.373452,2.469483,2.551969,2.665512,2.781047,2.872579,2.966844,3.069963,3.158712,3.208817,3.253175,3.315229,1.658930,1.656855,1.681808,1.676822,1.654891,1.681663,1.700894,1.690996,1.702687,1.715986,1.721828,1.757522,1.780043,1.791130,1.837851,1.895061,
1.948472,2.009946,2.079146,2.159210,2.229232,2.292057,2.359510,2.419097,2.457577,2.485972,2.520087,2.542569,2.553822,2.585956,2.628940,2.634006,2.621006,2.635131,2.650663,2.628320,2.602214,2.598725,2.587079,2.557913,2.537019,2.518646,2.489951,2.469402,2.455293,2.425577,2.395145,2.380161,2.355599,2.312942,2.281325,2.264473,2.247104,2.216493,2.188938,2.176254,2.162017,2.129432,2.096573,2.076740,2.041143,1.991737,1.967331,1.946270,1.889180,1.839500,1.798579,1.711372,1.616680,1.562917,1.455215,1.356219,1.263395,1.141026,1.025247,0.864383,0.684947,0.527093,0.418598,0.306456,0.462602,0.422037,0.414451,0.457608,0.541781,0.640850,0.749462,0.864816,0.962626,1.026517,1.045394,1.037882,1.007075,0.944798,0.859763,0.790500,0.429965,0.533636,0.625497,0.704819,0.728783,0.709399,0.689773,0.641308,0.583643,0.476963,0.295861,0.073241,-0.150725,-0.343528,-0.445253,-0.444367,-0.924278,-1.016558,-1.086350,-1.125615,-1.079309,-0.953207,-0.770892,-0.544565,-0.282024,-0.014806,0.225733,0.408961,0.498166,0.508721,0.497749,0.494768,0.318133,0.416404,0.406914,0.334793,0.204250,0.069963,0.017260,0.022861,0.069429,0.086608,0.007218,-0.162237,-0.376996,-0.607904,-0.774072,-0.818553,-1.733382,-1.891970,-1.989717,-2.013361,-1.920198,-1.718677,-1.429056,-1.043485,-0.667890,-0.399764,-0.232369,-0.132848,-0.067908,-0.004516,0.040245,0.033287,0.071871,0.133647,0.041410,-0.109310,-0.263308,-0.393391,-0.400454,-0.287634,-0.145055,-0.093049,-0.167374,-0.345697,-0.559450,-0.779004,-0.929688,-0.914127,-1.821193,-1.942023,-1.964641,-1.889811,-1.696684,-1.352875,-0.913171,-0.389484,0.116699,0.447350,0.614465,0.702618,0.724147,0.717276,0.695983,0.615741,0.287669,0.241464,0.053891,-0.167772,-0.324892,-0.403049,-0.387165,-0.301745,-0.208711,-0.180822,-0.217910,-0.313317,-0.408177,-0.456711,-0.432933,-0.275563,-0.311336,-0.220913,-0.055286,0.160786,0.394247,0.648540,0.948277,1.279570,1.617591,1.921105,2.155333,2.343616,2.443836,2.398002,2.233959,2.013670,0.902572,0.800108,0.640030,0.424964,0.210577,0.051955,-0.059985,-0.140471,-0.157006,-0.137826,-0.097579,-0.036985,0.075001,0.233470,0.465948,0.766750,1.864792,1.991605,2.144661,2.286690,2.410803,2.517336,2.630535,2.738149,2.851778,2.979298,3.079877,3.185646,3.300129,3.369870,3.401804,3.433547,1.739397,1.748937,1.737164,1.731359,1.704278,1.659389,1.632537,1.623115,1.634015,1.646830,1.628522,1.642702,1.700605,1.746936,1.801338,1.878326,
1.986940,2.079619,2.166630,2.246633,2.321256,2.393366,2.467827,2.529429,2.568966,2.595451,2.625609,2.655494,2.677644,2.696195,2.720647,2.744442,2.754339,2.747793,2.741289,2.738141,2.728924,2.708667,2.682934,2.658795,2.641366,2.622334,2.591186,2.563131,2.548226,2.524888,2.492529,2.466332,2.434736,2.397891,2.367635,2.341561,2.319976,2.294779,2.277795,2.262678,2.235043,2.206327,2.191284,2.168560,2.124749,2.097371,2.081156,2.037208,2.002678,1.985273,1.918509,1.846381,1.802846,1.719217,1.602941,1.548838,1.442274,1.308413,1.170590,0.990226,0.853465,0.686497,0.507212,0.366182,0.578825,0.534923,0.546961,0.609686,0.708326,0.829727,0.977890,1.113047,1.216509,1.298874,1.356901,1.378984,1.344036,1.287192,1.211983,1.091071,0.551583,0.607941,0.625356,0.679172,0.722441,0.696911,0.704409,0.690109,0.617914,0.580737,0.484892,0.275339,0.082076,-0.121895,-0.312562,-0.347985,-0.724841,-0.843224,-0.890864,-0.864546,-0.805443,-0.701495,-0.504924,-0.306817,-0.138307,0.094462,0.347058,0.489200,0.527837,0.542528,0.519189,0.449198,0.267074,0.315838,0.216083,0.101356,0.004672,-0.108654,-0.120318,-0.079702,-0.037172,0.066959,0.080358,-0.042091,-0.183180,-0.404196,-0.651110,-0.723236,-1.518771,-1.686786,-1.723696,-1.680859,-1.624656,-1.501925,-1.241475,-0.919541,-0.648284,-0.390527,-0.200409,-0.147020,-0.122164,-0.059922,-0.045366,-0.092825,0.012569,0.050050,-0.115052,-0.267970,-0.354462,-0.465983,-0.443064,-0.316477,-0.208534,-0.092562,-0.081438,-0.201737,-0.333547,-0.545509,-0.775950,-0.805235,-1.622856,-1.753488,-1.700592,-1.541152,-1.380114,-1.118502,-0.713399,-0.300180,0.030223,0.313320,0.484491,0.504259,0.496089,0.518668,0.482266,0.361258,0.159951,0.070728,-0.197661,-0.392820,-0.447528,-0.476723,-0.400958,-0.238979,-0.143132,-0.089895,-0.091856,-0.167822,-0.207445,-0.264034,-0.298348,-0.155423,-0.066016,0.016248,0.187790,0.436271,0.678019,0.921551,1.250997,1.562590,1.801110,2.053741,2.286953,2.414544,2.426093,2.360263,2.187323,1.909934,0.836364,0.686121,0.430631,0.205840,0.051742,-0.103809,-0.188181,-0.179788,-0.189277,-0.159602,-0.076735,-0.007422,0.150346,0.319407,0.502690,0.803065,1.978027,2.106065,2.257494,2.401208,2.525546,2.637614,2.775830,2.893180,2.998129,3.135537,3.258608,3.353007,3.421558,3.480924,3.534138,3.542788,1.798751,1.798022,1.727466,1.709671,1.700980,1.639275,1.601735,1.572897,1.523566,1.552763,1.598941,1.610778,1.659621,1.737936,1.818056,1.900270,
2.039787,2.149434,2.254602,2.348272,2.443814,2.532394,2.599870,2.656810,2.722407,2.767554,2.770502,2.776762,2.821465,2.857922,2.859814,2.866265,2.888736,2.889564,2.876618,2.872584,2.859019,2.827979,2.804840,2.782821,2.747385,2.721655,2.710518,2.683538,2.643937,2.618577,2.599440,2.563483,2.520176,2.491268,2.463376,2.429020,2.404882,2.383790,2.364984,2.340712,2.318976,2.303655,2.280632,2.248998,2.226144,2.209722,2.178818,2.147488,2.134035,2.105653,2.046938,2.006904,1.958650,1.865854,1.787180,1.736103,1.607548,1.516408,1.404904,1.235400,1.075233,0.843021,0.619052,0.452405,0.728505,0.688466,0.749677,0.838552,0.934802,1.050429,1.182795,1.303213,1.420494,1.514953,1.581937,1.619553,1.597430,1.550165,1.476512,1.349143,0.645490,0.705011,0.708099,0.645937,0.647612,0.641459,0.681244,0.755114,0.719966,0.694752,0.682440,0.560990,0.353647,0.092192,-0.101680,-0.159707,-0.431161,-0.506274,-0.473106,-0.420146,-0.352410,-0.272170,-0.190362,-0.106725,0.028125,0.203495,0.358622,0.434946,0.440284,0.427031,0.406495,0.330361,0.160757,0.199002,0.089930,-0.126236,-0.245926,-0.293156,-0.234932,-0.110451,-0.036255,0.101309,0.210118,0.178504,0.031284,-0.217878,-0.439342,-0.523096,-1.184911,-1.293861,-1.265010,-1.236855,-1.217394,-1.180398,-1.091103,-0.884516,-0.615290,-0.403328,-0.283959,-0.256865,-0.258230,-0.240681,-0.222905,-0.276044,-0.129424,-0.102655,-0.239497,-0.458217,-0.577178,-0.604294,-0.508720,-0.351051,-0.233328,-0.068411,0.038135,0.004174,-0.135302,-0.372712,-0.566001,-0.613483,-1.303480,-1.352124,-1.244277,-1.089224,-0.924381,-0.736552,-0.519154,-0.263717,0.001210,0.177956,0.244898,0.243038,0.200042,0.166837,0.155241,0.051010,-0.045117,-0.149678,-0.373393,-0.588012,-0.671691,-0.629133,-0.451528,-0.252730,-0.146800,-0.012926,0.080570,0.085996,0.036359,-0.096050,-0.102356,0.052943,0.273702,0.389707,0.593825,0.830549,1.074903,1.310132,1.563339,1.785729,1.986175,2.154039,2.264021,2.328595,2.280402,2.133680,1.959153,1.719461,0.711226,0.550076,0.313229,0.053612,-0.132371,-0.238847,-0.225036,-0.155725,-0.144956,-0.048370,0.116115,0.246601,0.386396,0.480189,0.660751,0.950942,2.202964,2.328698,2.497484,2.653676,2.771805,2.857161,2.971711,3.111994,3.250189,3.354353,3.445428,3.548282,3.597581,3.627261,3.667765,3.687693,1.840128,1.859942,1.834464,1.737358,1.670419,1.611460,1.554621,1.527646,1.476929,1.471475,1.527317,1.577074,1.645177,1.742670,1.842763,1.940198,
2.180796,2.288032,2.392272,2.491216,2.590611,2.690181,2.775039,2.831423,2.872952,2.914168,2.948144,2.958114,2.959423,2.980063,3.013073,3.026577,3.022922,3.022159,3.021692,3.008036,2.984708,2.955044,2.921655,2.887687,2.854684,2.825854,2.804102,2.780575,2.750496,2.718816,2.684092,2.653168,2.628598,2.596764,2.554644,2.520157,2.496891,2.472398,2.449615,2.421505,2.403508,2.389822,2.364134,2.339128,2.323956,2.297752,2.269321,2.268180,2.251516,2.199226,2.172691,2.149220,2.068579,2.014088,1.976115,1.887886,1.793136,1.744812,1.599825,1.442667,1.245763,0.983309,0.815314,0.617816,0.963310,0.913408,0.956816,1.068872,1.190960,1.306949,1.420105,1.522878,1.663890,1.776993,1.827373,1.859033,1.856240,1.810597,1.707450,1.558350,0.711891,0.696685,0.698183,0.611512,0.609020,0.650179,0.607483,0.678737,0.783886,0.787853,0.745503,0.715807,0.586957,0.346316,0.190463,0.096992,-0.016845,-0.099187,-0.057459,0.015493,0.096756,0.162742,0.130169,0.103111,0.201302,0.283281,0.299584,0.318423,0.317220,0.283845,0.218700,0.116021,-0.012708,-0.066170,-0.146899,-0.324759,-0.361346,-0.318839,-0.325948,-0.169914,0.049580,0.181287,0.250538,0.325556,0.256616,0.056913,-0.098122,-0.238306,-0.719639,-0.823118,-0.851706,-0.851672,-0.818920,-0.819516,-0.896173,-0.854995,-0.661291,-0.539675,-0.476435,-0.403208,-0.380301,-0.405732,-0.443642,-0.524124,-0.336987,-0.399636,-0.476224,-0.629784,-0.666816,-0.607621,-0.580442,-0.419633,-0.169050,-0.008159,0.039069,0.099704,0.052884,-0.101312,-0.216101,-0.338723,-0.877722,-0.916946,-0.827022,-0.651178,-0.447242,-0.297081,-0.268255,-0.204933,-0.045895,0.000629,-0.019282,0.016621,0.001588,-0.100961,-0.210097,-0.341176,-0.313944,-0.479107,-0.615655,-0.759479,-0.769941,-0.642180,-0.525229,-0.349596,-0.107656,0.079676,0.135480,0.235291,0.285303,0.219165,0.256849,0.320876,0.670185,0.776045,0.966815,1.198342,1.458695,1.708255,1.869547,1.968930,2.097625,2.168599,2.143881,2.114273,2.029432,1.857675,1.644113,1.400262,0.519519,0.334728,0.165058,-0.061796,-0.185078,-0.174251,-0.169593,-0.097286,0.067344,0.243890,0.352711,0.498196,0.665323,0.790564,0.989513,1.177596,2.519710,2.634010,2.778458,2.921867,3.048670,3.153103,3.253295,3.365501,3.509695,3.615944,3.681957,3.766897,3.831317,3.874576,3.870551,3.825730,1.869860,1.862571,1.850063,1.694677,1.599279,1.579122,1.482873,1.475733,1.514857,1.512994,1.554458,1.658342,1.761049,1.847029,1.944573,2.063412,
2.368359,2.468425,2.585836,2.704250,2.800332,2.873474,2.960795,3.055274,3.112274,3.125109,3.140567,3.163951,3.172696,3.176351,3.190400,3.198870,3.198183,3.199621,3.187289,3.151496,3.120725,3.094033,3.049445,3.003115,2.975935,2.948590,2.910215,2.877108,2.852433,2.823659,2.786828,2.756398,2.728342,2.690117,2.653942,2.623368,2.582191,2.543324,2.525945,2.510222,2.491456,2.465043,2.443909,2.429950,2.412381,2.390579,2.374813,2.363474,2.343958,2.320730,2.294657,2.253465,2.197197,2.168368,2.122269,2.036549,1.983480,1.926846,1.779918,1.699437,1.536652,1.301242,1.086196,0.799633,1.302122,1.274049,1.348223,1.454458,1.549633,1.636992,1.751234,1.858914,1.953792,2.024159,2.080365,2.079229,2.026615,1.958306,1.841123,1.672514,0.769095,0.670898,0.607812,0.534399,0.519657,0.660505,0.687122,0.694697,0.792442,0.861479,0.871625,0.895692,0.855742,0.699713,0.477576,0.324445,0.543034,0.484601,0.513502,0.566631,0.571214,0.554473,0.530238,0.474140,0.398979,0.302566,0.216850,0.099242,-0.020356,-0.082061,-0.149739,-0.267057,-0.182985,-0.321775,-0.460249,-0.564836,-0.534932,-0.335941,-0.250827,-0.124259,0.104361,0.267025,0.373933,0.515934,0.524747,0.402972,0.188972,0.004288,-0.136278,-0.253006,-0.285569,-0.285807,-0.342315,-0.425762,-0.535569,-0.715699,-0.844734,-0.841154,-0.761288,-0.740553,-0.775009,-0.798640,-0.845936,-0.949303,-0.509692,-0.640448,-0.780854,-0.860792,-0.829073,-0.662131,-0.572781,-0.414552,-0.172923,-0.024631,0.077694,0.241672,0.269522,0.191541,0.026903,-0.126191,-0.316924,-0.312996,-0.168885,0.026079,0.135468,0.151506,0.103223,-0.047116,-0.207934,-0.292411,-0.304562,-0.338737,-0.420511,-0.529528,-0.678196,-0.846209,-0.515130,-0.715359,-0.899485,-0.965798,-0.886514,-0.669864,-0.528632,-0.355065,-0.110110,0.063818,0.206060,0.459695,0.601323,0.625418,0.587786,0.546749,1.180373,1.301284,1.505910,1.712266,1.879799,2.032986,2.144565,2.148345,2.092926,2.014814,1.926347,1.757758,1.527496,1.343106,1.180640,0.984754,0.399078,0.216868,-0.001314,-0.137512,-0.149130,-0.025970,0.050064,0.159628,0.371924,0.569688,0.714439,0.949874,1.156871,1.276696,1.361557,1.403889,2.930135,3.052687,3.209395,3.326334,3.393892,3.477989,3.599570,3.700515,3.794956,3.894237,3.986094,4.034873,4.059611,4.098723,4.072564,3.970099,1.972354,1.865040,1.751613,1.718905,1.649305,1.618989,1.539576,1.505901,1.571549,1.645220,1.711610,1.791241,1.893193,2.015338,2.150191,2.269365,
2.727699,2.819730,2.879950,2.944529,3.055126,3.169192,3.243069,3.289493,3.345097,3.387177,3.390833,3.379425,3.381254,3.385518,3.383967,3.384738,3.381226,3.361825,3.335532,3.303945,3.262089,3.216484,3.175930,3.135133,3.091392,3.053339,3.023580,2.988959,2.942109,2.903527,2.884173,2.863982,2.827677,2.788118,2.752847,2.717490,2.684851,2.657027,2.626941,2.601896,2.588685,2.566184,2.549413,2.528363,2.501342,2.490899,2.488493,2.465367,2.441859,2.442197,2.408521,2.363236,2.357641,2.321531,2.247330,2.222417,2.184740,2.106684,2.033792,1.979307,1.783770,1.594371,1.257776,0.905989,1.746170,1.750342,1.808870,1.894227,1.966900,2.005639,2.075727,2.154548,2.195016,2.198550,2.203462,2.142702,2.020818,1.894085,1.754101,1.631887,0.755565,0.545455,0.502906,0.588368,0.470305,0.515793,0.681169,0.751903,0.791100,0.882683,0.965029,0.982101,0.961333,0.948706,0.772482,0.548560,1.039716,1.033835,1.024151,1.094371,1.105100,1.058613,1.025872,0.907148,0.654561,0.328347,0.016192,-0.266030,-0.427625,-0.486699,-0.560787,-0.615290,-0.354311,-0.603491,-0.662190,-0.554325,-0.598448,-0.465268,-0.228451,-0.052784,0.105292,0.315631,0.503876,0.581961,0.565069,0.622018,0.515627,0.261626,0.365812,0.344234,0.353510,0.419312,0.361991,0.190621,-0.052174,-0.498848,-0.952034,-1.162555,-1.178930,-1.217464,-1.236064,-1.205456,-1.242947,-1.284209,-0.659264,-0.881416,-0.943901,-0.830121,-0.861611,-0.756520,-0.555937,-0.383179,-0.230881,-0.030099,0.178470,0.251279,0.205918,0.328315,0.331780,0.123397,0.173224,0.319661,0.489052,0.699624,0.753796,0.624136,0.439803,0.096233,-0.340551,-0.656904,-0.781686,-0.882962,-0.954166,-0.990659,-1.119396,-1.231169,-0.720989,-0.967326,-1.009628,-0.888168,-0.854378,-0.715667,-0.484336,-0.267738,-0.110498,0.089335,0.375319,0.592826,0.667181,0.888614,0.939897,0.772747,1.599172,1.764217,1.916448,2.093367,2.205226,2.228080,2.227290,2.145140,1.941108,1.676069,1.424657,1.119007,0.850935,0.721054,0.632875,0.596812,0.245852,0.039744,-0.049753,0.045008,0.072117,0.171726,0.386637,0.631103,0.824610,0.998331,1.223823,1.445671,1.530698,1.633080,1.651914,1.587606,3.324223,3.441091,3.530198,3.606329,3.642457,3.676071,3.752950,3.849697,3.916365,3.957777,4.008994,4.013691,3.991154,3.976754,3.914868,3.819372,1.899862,1.734434,1.599153,1.619951,1.489394,1.523483,1.710320,1.809003,1.852471,1.941791,2.082183,2.207428,2.324492,2.426753,2.521036,2.617988,
3.060306,3.127407,3.217777,3.295120,3.369768,3.463326,3.567006,3.635813,3.668711,3.682629,3.681319,3.667289,3.653763,3.637510,3.615389,3.591510,3.560899,3.520898,3.486166,3.453357,3.399999,3.333693,3.284774,3.250563,3.214356,3.170883,3.121387,3.074194,3.036529,3.007889,2.977378,2.937627,2.902720,2.880002,2.846583,2.798431,2.761910,2.740515,2.714313,2.688366,2.666143,2.636637,2.619535,2.602835,2.588615,2.575036,2.557967,2.548840,2.537685,2.521363,2.502170,2.481683,2.466698,2.439804,2.397931,2.381708,2.332110,2.266725,2.257287,2.199406,2.039003,1.942987,1.651745,1.210956,2.092117,2.103571,2.146707,2.126733,2.133435,2.163624,2.194793,2.220234,2.238612,2.225939,2.156381,2.033208,1.884730,1.713661,1.547814,1.452494,0.723813,0.583312,0.444387,0.565831,0.644075,0.662095,0.742540,0.829670,0.896611,0.967191,1.049080,1.104365,1.125733,1.158255,1.033499,0.769286,1.343133,1.360350,1.345831,1.362268,1.438489,1.463506,1.371351,1.167688,0.847709,0.394389,-0.096784,-0.439162,-0.603730,-0.745228,-0.869479,-0.896281,-0.444407,-0.665735,-0.814777,-0.643382,-0.520132,-0.405554,-0.212986,-0.019015,0.145485,0.320920,0.468081,0.561977,0.639960,0.703974,0.551836,0.354372,0.687156,0.735668,0.745885,0.776010,0.774505,0.581457,0.183210,-0.350682,-0.865039,-1.243631,-1.446631,-1.471829,-1.416399,-1.440162,-1.491236,-1.469131,-0.718099,-0.928280,-1.070434,-0.948599,-0.862265,-0.748402,-0.579777,-0.400484,-0.238350,-0.060133,0.085860,0.165938,0.243884,0.332081,0.239007,0.149281,0.494086,0.707241,0.813524,0.888442,0.930579,0.818851,0.556738,0.163054,-0.307186,-0.733879,-1.020970,-1.142908,-1.144243,-1.210703,-1.349569,-1.411016,-0.729610,-0.909048,-1.006790,-0.868346,-0.742789,-0.605753,-0.411894,-0.203520,-0.016646,0.201275,0.433607,0.637303,0.851885,1.120569,1.063990,0.863519,1.820975,1.985182,2.047234,2.089097,2.192153,2.240643,2.157382,2.020728,1.817284,1.506582,1.137824,0.807556,0.598678,0.454853,0.378228,0.407537,0.207701,0.167614,0.144120,0.308101,0.528059,0.708917,0.924969,1.161228,1.375112,1.558916,1.744838,1.904793,1.990844,2.185250,2.148286,1.846582,3.583796,3.668859,3.685369,3.643922,3.660113,3.721377,3.763581,3.822988,3.888431,3.928030,3.933573,3.909054,3.855995,3.797298,3.746189,3.719706,1.756911,1.746679,1.728383,1.751445,1.865734,1.982579,2.145763,2.305850,2.465525,2.574632,2.652392,2.715615,2.813729,2.910913,2.980725,3.017639,
3.593686,3.566752,3.580310,3.656912,3.746907,3.810487,3.871944,3.931729,3.963081,3.961310,3.946901,3.915840,3.867569,3.821266,3.784451,3.742814,3.699836,3.659303,3.605615,3.544004,3.498642,3.458781,3.402566,3.339877,3.298413,3.270278,3.228821,3.177496,3.133213,3.095911,3.065193,3.041815,3.009554,2.962111,2.923496,2.902889,2.877137,2.841552,2.812902,2.793442,2.771315,2.751888,2.734905,2.707418,2.698055,2.689151,2.669818,2.662841,2.656534,2.631361,2.624648,2.637683,2.603208,2.577806,2.582139,2.544713,2.503665,2.509356,2.487830,2.458783,2.398340,2.348021,2.081378,1.538237,2.548531,2.487241,2.309924,2.144121,2.121860,2.110209,2.071940,2.062187,2.067505,2.025463,1.931392,1.815992,1.706492,1.512602,1.316164,1.240966,0.800996,0.911560,0.684019,0.635123,0.751555,0.832083,0.913311,0.976598,1.006727,1.034243,1.122368,1.241147,1.242854,1.239670,1.210286,0.910122,1.388741,1.379869,1.303416,1.282274,1.398220,1.440610,1.342747,1.151261,0.853021,0.436715,-0.008090,-0.330346,-0.479150,-0.660328,-0.829418,-0.865512,-0.368813,-0.454384,-0.667352,-0.658571,-0.515159,-0.363283,-0.197899,-0.019092,0.121218,0.247754,0.382378,0.511161,0.549610,0.543306,0.469939,0.338059,0.630806,0.713918,0.668217,0.641141,0.696299,0.551305,0.181550,-0.286319,-0.738653,-1.138805,-1.395576,-1.402438,-1.269508,-1.297547,-1.379514,-1.340744,-0.652421,-0.813410,-0.985955,-0.958876,-0.859376,-0.730303,-0.579367,-0.401466,-0.248811,-0.108091,0.017468,0.118259,0.135348,0.069014,-0.006675,0.043959,0.356713,0.552737,0.575184,0.590120,0.747610,0.771653,0.597883,0.254545,-0.183076,-0.590792,-0.872302,-0.964051,-0.913397,-0.996812,-1.163653,-1.198904,-0.610506,-0.686292,-0.720987,-0.687205,-0.604311,-0.428081,-0.238858,-0.071165,0.114233,0.352236,0.567007,0.771183,0.958883,1.045206,0.920608,0.809837,1.703446,1.789144,1.751804,1.739372,1.896436,2.006133,2.002903,1.946533,1.814240,1.583675,1.291847,1.019583,0.881826,0.741121,0.612727,0.626140,0.440345,0.615360,0.730104,0.916994,1.145301,1.407192,1.670915,1.833946,1.954658,2.122164,2.293053,2.434133,2.473845,2.510238,2.420860,2.043819,3.650576,3.630952,3.540241,3.447791,3.488302,3.567544,3.604031,3.655008,3.736633,3.781207,3.757887,3.728349,3.740647,3.683080,3.585708,3.565266,1.999189,2.314076,2.278909,2.360494,2.712696,3.032992,3.254795,3.365241,3.418723,3.460076,3.529948,3.590371,3.588100,3.544452,3.547266,3.582302,
3.880913,3.885368,3.930611,3.990147,4.073013,4.164478,4.239516,4.287977,4.307627,4.286989,4.234489,4.168304,4.106197,4.050376,3.990027,3.915906,3.843354,3.789972,3.741722,3.673644,3.595566,3.530254,3.483527,3.442027,3.391649,3.331252,3.279896,3.248626,3.220780,3.175610,3.125989,3.092509,3.064892,3.026333,2.983792,2.948401,2.915211,2.888728,2.872413,2.851113,2.818120,2.794220,2.779170,2.759575,2.747900,2.729861,2.720524,2.713195,2.711143,2.720356,2.707342,2.696626,2.693817,2.679910,2.672606,2.651819,2.642582,2.672700,2.643655,2.641523,2.708402,2.619602,2.639343,2.573454,1.760734,0.975757,0.841088,0.878308,0.923999,1.044097,1.194116,1.314533,1.370784,1.438365,1.511773,1.497000,1.473335,1.487876,1.511490,1.529561,1.482270,1.456676,1.388170,1.294169,1.274457,1.210379,1.160455,1.189351,1.256060,1.293425,1.272319,1.302212,1.389761,1.419442,1.341484,1.151622,0.902120,0.727951,0.771797,0.954559,1.120678,1.195015,1.180305,1.045251,0.776369,0.471911,0.198124,-0.076381,-0.263065,-0.236740,-0.050245,0.106393,0.062060,-0.144235,-0.340055,-0.388787,-0.307142,-0.241307,-0.166480,-0.028528,0.114445,0.225368,0.276357,0.340434,0.379129,0.326503,0.182801,0.036785,0.080422,0.249279,0.412839,0.516552,0.487179,0.267669,-0.060118,-0.459360,-0.911095,-1.293419,-1.497631,-1.516827,-1.355484,-1.014950,-0.611674,-0.411439,-0.537365,-0.778395,-0.891447,-0.889687,-0.800374,-0.672988,-0.553334,-0.400636,-0.241341,-0.103040,-0.054003,-0.041845,-0.053667,-0.180980,-0.416825,-0.546669,-0.332360,0.045872,0.392384,0.704414,0.939990,1.035313,0.968491,0.721245,0.327277,-0.074706,-0.392176,-0.617979,-0.729861,-0.727127,-0.610400,-0.400765,-0.255037,-0.294950,-0.374302,-0.371420,-0.267766,-0.153644,-0.039964,0.141268,0.353964,0.571463,0.718352,0.844468,0.974489,1.000638,0.846037,0.565522,0.397051,0.526959,0.903703,1.313855,1.631093,1.880059,2.059071,2.142254,2.110563,2.029925,1.900430,1.701111,1.578153,1.521362,1.487289,1.535910,1.589951,1.688797,1.842625,1.965017,2.109929,2.240832,2.335729,2.443822,2.581138,2.720361,2.757137,2.810178,2.940424,2.941332,2.826223,2.643051,2.290221,1.960860,2.077584,2.410348,2.661785,2.932840,3.260168,3.553398,3.713824,3.857966,4.004881,4.060984,4.123422,4.166402,4.143134,4.091401,3.892384,3.893271,4.157364,4.410527,4.545777,4.554151,4.540701,4.547600,4.559421,4.512100,4.409460,4.301360,4.231134,4.167228,4.076468,3.953514,
4.360563,4.321559,4.337739,4.381444,4.439304,4.504070,4.546207,4.552209,4.533243,4.489242,4.415188,4.327181,4.237904,4.151608,4.085290,4.037871,3.973730,3.881891,3.798267,3.741216,3.689168,3.624872,3.560153,3.505859,3.460707,3.423803,3.386803,3.334455,3.281171,3.251314,3.231423,3.193860,3.147734,3.113604,3.083248,3.052694,3.030232,3.009890,2.982499,2.960618,2.946520,2.923572,2.889748,2.872304,2.866758,2.853573,2.856692,2.853578,2.839274,2.854028,2.867148,2.844155,2.846590,2.856129,2.828756,2.840057,2.860375,2.870633,2.889986,2.918123,3.017410,3.039382,3.116822,3.402454,3.394794,2.980196,2.425003,2.147744,2.154325,2.105128,2.004819,1.946156,1.992544,2.010711,1.948128,1.891795,1.798350,1.706661,1.548857,1.525892,1.748140,1.975886,2.012306,1.760511,1.624590,1.662128,1.647987,1.533543,1.459260,1.506598,1.517036,1.513846,1.540232,1.480142,1.400381,1.471664,1.586403,1.609380,1.587723,1.610830,1.665512,1.629977,1.479387,1.248089,0.973550,0.601101,0.162176,-0.192018,-0.353429,-0.391464,-0.482245,-0.420532,-0.088861,0.138140,0.000385,-0.283754,-0.285482,-0.131686,-0.075489,-0.033098,0.064437,0.158095,0.161202,0.193830,0.210539,0.083601,-0.015321,0.077344,0.305352,0.427439,0.502617,0.604710,0.593290,0.439654,0.132826,-0.307755,-0.772989,-1.194827,-1.513495,-1.626336,-1.492088,-1.300149,-1.244042,-1.130209,-0.854635,-0.681287,-0.774577,-0.890736,-0.753986,-0.570828,-0.479040,-0.345302,-0.186127,-0.087238,-0.068062,-0.022325,-0.061195,-0.299584,-0.466474,-0.368819,-0.073874,0.122291,0.324536,0.681878,0.958387,1.084464,1.013205,0.686309,0.189748,-0.274699,-0.558940,-0.694725,-0.721994,-0.666438,-0.652155,-0.559269,-0.277649,-0.054846,-0.018366,-0.025770,0.096441,0.212248,0.289652,0.458231,0.657083,0.807768,0.923762,1.110859,1.204359,1.022686,0.927700,1.160241,1.457777,1.568615,1.615543,1.845501,2.118911,2.274670,2.353702,2.388017,2.347418,2.191714,1.991923,1.852271,1.725951,1.755523,1.839720,2.031575,2.350876,2.579200,2.699676,2.695157,2.777125,2.889470,2.933667,2.977588,3.046375,3.153448,3.223109,3.320146,3.427225,3.340745,3.302298,3.701178,4.127680,4.291006,4.241358,4.210952,4.364217,4.450998,4.463048,4.466361,4.545865,4.628775,4.616008,4.628215,4.593039,4.664203,4.692839,4.879668,5.241102,5.481154,5.643337,5.597030,5.571898,5.577355,5.555233,5.441842,5.322281,5.246624,5.178669,5.048257,4.876276,4.718031,4.587071,4.462385,
4.671151,4.659096,4.685487,4.734157,4.761559,4.779153,4.807254,4.836889,4.821808,4.744916,4.623512,4.506598,4.420211,4.346027,4.250135,4.141499,4.046802,3.968977,3.888187,3.791549,3.695922,3.627896,3.581805,3.533812,3.474889,3.415355,3.366320,3.328496,3.291825,3.247250,3.198601,3.161325,3.137055,3.111728,3.074090,3.039260,3.017681,3.003997,2.982930,2.956086,2.927955,2.904648,2.883680,2.875125,2.868356,2.857478,2.855370,2.858511,2.872696,2.864614,2.871152,2.885595,2.871434,2.882964,2.893563,2.905508,2.922697,2.942072,3.028886,3.051862,3.114026,3.228666,3.423768,3.734463,3.859013,3.764975,3.530325,3.195150,2.790934,2.490017,2.393860,2.392601,2.360080,2.290728,2.246758,2.221705,2.079082,1.919028,1.782768,1.600438,1.496910,1.609402,1.860032,2.024500,2.042304,1.900169,1.797073,1.807001,1.795236,1.750008,1.712491,1.678401,1.647893,1.606002,1.589403,1.653644,1.678036,1.642025,1.634839,1.553636,1.394104,1.292592,1.238262,1.119489,0.863139,0.523668,0.181617,-0.109348,-0.328935,-0.378872,-0.341468,-0.463768,-0.519573,-0.332083,-0.108805,-0.014754,-0.073319,-0.144767,-0.101148,-0.014239,0.021278,0.065785,0.104983,0.052850,-0.051094,-0.056765,0.056484,0.161840,0.124348,0.054264,0.136019,0.185544,0.159660,0.132064,-0.008878,-0.329293,-0.721973,-1.003583,-1.138701,-1.216873,-1.289849,-1.264197,-1.188502,-1.271482,-1.274058,-1.032438,-0.790326,-0.649886,-0.592225,-0.516082,-0.353629,-0.194384,-0.094357,0.016303,0.107011,0.080959,-0.012440,0.007736,0.104717,0.149371,0.068025,-0.000101,0.146172,0.305686,0.484435,0.733617,0.815381,0.579904,0.192678,-0.090443,-0.214046,-0.241811,-0.262045,-0.194086,-0.101026,-0.185608,-0.192815,0.054100,0.337140,0.481784,0.519862,0.572038,0.725493,0.897951,1.027399,1.186369,1.328795,1.376965,1.415155,1.530871,1.756957,2.032918,2.110535,2.085282,2.126876,2.096500,2.062451,2.174070,2.360080,2.479045,2.493588,2.427612,2.332056,2.245218,2.146665,2.166765,2.303963,2.426295,2.569761,2.741941,2.947240,3.133928,3.226444,3.235858,3.301730,3.445273,3.528461,3.587551,3.702129,3.751636,3.835496,3.903972,4.039760,4.393611,4.723302,4.936189,5.027925,4.978214,4.825579,4.711689,4.717042,4.777772,4.826547,4.803696,4.823480,4.908734,4.861552,4.859834,4.881129,4.990788,5.156093,5.333444,5.565707,5.743872,5.851275,5.778519,5.702556,5.704382,5.719661,5.644400,5.499622,5.368504,5.241364,5.074963,4.877971,4.734110,
4.960170,4.946906,4.934372,4.924528,4.913955,4.905151,4.883922,4.851659,4.798992,4.743065,4.677691,4.582746,4.466246,4.371758,4.292919,4.201857,4.093098,3.980733,3.878052,3.802576,3.748212,3.689410,3.617900,3.560400,3.528049,3.496843,3.446926,3.399094,3.367700,3.338766,3.303683,3.273311,3.239883,3.205665,3.185612,3.174447,3.148185,3.117231,3.098106,3.082907,3.058914,3.039352,3.028173,3.014761,3.004589,3.012018,3.014849,3.002157,3.023872,3.034176,3.021997,3.049728,3.059415,3.050550,3.080456,3.118173,3.137511,3.159878,3.269606,3.303772,3.385855,3.534713,3.628046,3.855950,4.174503,4.356784,4.219318,3.892073,3.599838,3.412227,3.234323,3.029306,2.862268,2.798744,2.747675,2.683986,2.542267,2.403657,2.307481,2.131660,2.091702,2.098422,2.095912,2.142540,2.161980,2.154084,2.156768,2.148392,2.050124,1.983301,2.000798,1.970851,1.890366,1.837056,1.784115,1.792363,1.823732,1.716681,1.532099,1.344420,1.220086,1.158783,1.079941,0.953785,0.743635,0.502186,0.291803,0.188082,0.077359,-0.068787,-0.215385,-0.395998,-0.399412,-0.263006,-0.134946,-0.068590,-0.076693,-0.066287,0.002370,0.042403,0.003208,0.003847,0.020739,-0.006590,-0.047016,-0.055066,-0.066069,-0.051376,-0.056423,-0.183203,-0.264522,-0.298868,-0.270949,-0.230831,-0.310162,-0.477504,-0.699108,-0.853985,-0.880147,-0.845216,-0.928619,-1.107063,-1.275462,-1.377305,-1.229579,-0.966798,-0.772881,-0.616185,-0.481075,-0.322942,-0.122884,0.021486,0.093257,0.220843,0.354004,0.413697,0.426670,0.485519,0.514892,0.480970,0.378908,0.194985,0.131073,0.113935,0.207885,0.439803,0.575193,0.514426,0.352597,0.251612,0.240063,0.320958,0.369373,0.376497,0.385689,0.384072,0.505793,0.633903,0.753313,0.895709,1.003913,1.123099,1.276235,1.410292,1.487198,1.631491,1.812612,1.901981,1.955726,2.097254,2.320155,2.619363,2.782970,2.677654,2.517257,2.374215,2.337896,2.418696,2.510347,2.599086,2.705892,2.815517,2.850993,2.891836,2.911016,2.949674,3.040633,3.073597,3.235361,3.375803,3.470150,3.584128,3.663298,3.761006,3.851577,3.954549,3.994017,4.049454,4.187338,4.227401,4.272570,4.420204,4.552844,4.758588,4.996716,5.122643,5.135459,5.088047,5.093218,5.175061,5.200567,5.176805,5.187607,5.248171,5.300708,5.353865,5.386282,5.436081,5.558900,5.584925,5.685392,5.822933,5.908887,5.973584,5.991245,6.003836,6.033106,6.019693,5.949993,5.874646,5.796668,5.686089,5.504473,5.306601,5.135970,5.017372,
5.461201,5.487724,5.442625,5.294714,5.083915,4.877010,4.713002,4.625754,4.588573,4.548674,4.484094,4.412859,4.327917,4.219676,4.094305,3.978691,3.881253,3.795114,3.712526,3.635651,3.559334,3.495680,3.451680,3.411433,3.357932,3.310978,3.284801,3.264354,3.231732,3.194080,3.161015,3.136561,3.118418,3.101727,3.076223,3.045078,3.021483,3.009932,2.994508,2.975384,2.956276,2.943951,2.936836,2.933080,2.919589,2.914912,2.918598,2.920880,2.922334,2.939058,2.955838,2.946909,2.985204,3.021174,3.021884,3.052958,3.129770,3.138756,3.215460,3.313077,3.392721,3.582304,3.725364,3.858272,4.034520,4.190842,4.282542,4.267431,4.103390,3.862997,3.611559,3.398656,3.254721,3.120764,2.896359,2.733783,2.682263,2.613579,2.529355,2.359951,2.240241,2.144213,2.095981,2.088812,2.075097,2.102397,2.064855,2.020867,2.019671,1.996471,1.918731,1.834024,1.763736,1.761963,1.718843,1.626724,1.540045,1.437710,1.294735,1.090563,0.921411,0.756206,0.584611,0.497599,0.486086,0.402643,0.169159,-0.001577,-0.028920,-0.071472,-0.144552,-0.286827,-0.388590,-0.400804,-0.308500,-0.147106,-0.067725,-0.048831,-0.087884,-0.101030,-0.061886,-0.068701,-0.129886,-0.175756,-0.212514,-0.215671,-0.256190,-0.354677,-0.478194,-0.603238,-0.702970,-0.771649,-0.718135,-0.675246,-0.717533,-0.708804,-0.633871,-0.598774,-0.640410,-0.669544,-0.701406,-0.817025,-0.921402,-1.002975,-0.979826,-0.834978,-0.624485,-0.373997,-0.186598,-0.015214,0.125677,0.262311,0.450605,0.604250,0.692077,0.809492,0.919563,1.035364,1.072567,0.966033,0.788313,0.593223,0.401748,0.219461,0.192016,0.258272,0.369560,0.549636,0.715644,0.774562,0.769545,0.883394,1.079683,1.195760,1.277239,1.323821,1.373142,1.421620,1.484838,1.593176,1.707235,1.826254,1.912281,2.024533,2.178141,2.292143,2.393351,2.540743,2.654036,2.819549,2.978685,3.124035,3.210985,3.172592,3.112144,2.993942,2.856206,2.700779,2.610730,2.688999,2.908200,3.131646,3.261503,3.428083,3.624952,3.740157,3.841917,3.926743,4.035695,4.104316,4.183964,4.236058,4.277431,4.376366,4.408663,4.432419,4.499650,4.534593,4.591000,4.671776,4.712452,4.845668,4.934009,5.047286,5.175220,5.242809,5.333416,5.412707,5.439671,5.384444,5.329984,5.326615,5.368898,5.410848,5.343529,5.367400,5.517759,5.661730,5.811436,5.866385,6.032851,6.147299,6.222398,6.262180,6.272936,6.331022,6.331199,6.258306,6.171597,6.115365,6.014113,5.838821,5.673671,5.585435,5.526732,5.477911,
5.670225,5.625318,5.431074,5.173969,4.910682,4.651857,4.413351,4.240749,4.158981,4.149029,4.145671,4.109423,4.030946,3.935575,3.856499,3.796508,3.727034,3.656928,3.610035,3.581555,3.544681,3.498227,3.454036,3.423096,3.403486,3.391936,3.376255,3.350906,3.325127,3.313585,3.303742,3.282662,3.261598,3.252177,3.233393,3.203980,3.181271,3.166877,3.148228,3.137423,3.134656,3.124661,3.106600,3.104108,3.111178,3.107916,3.106723,3.123967,3.130446,3.121782,3.176772,3.191541,3.184419,3.250412,3.282794,3.277458,3.381813,3.430791,3.450355,3.580912,3.642576,3.714227,3.913126,4.121865,4.228272,4.329841,4.418951,4.459702,4.420839,4.301777,4.174717,4.007892,3.771220,3.576372,3.456207,3.365158,3.250839,3.023439,2.903850,2.854864,2.676246,2.515510,2.449758,2.383754,2.343194,2.339336,2.293459,2.263714,2.274285,2.217203,2.124019,2.096286,2.032952,1.907854,1.821476,1.731059,1.552977,1.362247,1.150903,0.888300,0.621330,0.431595,0.387498,0.370080,0.334021,0.412361,0.568215,0.614468,0.466671,0.187991,0.025984,-0.074997,-0.219319,-0.222870,-0.135829,-0.070613,0.020789,0.083647,0.050818,0.039987,0.061680,0.022575,-0.039481,-0.048262,-0.065727,-0.138215,-0.206287,-0.335671,-0.567711,-0.747839,-0.918360,-1.123595,-1.218110,-1.126265,-0.864943,-0.588791,-0.368278,-0.138383,0.061881,0.116198,-0.011155,-0.236213,-0.373316,-0.450227,-0.497352,-0.373701,-0.161518,0.022254,0.222855,0.450453,0.622612,0.786548,1.009068,1.211842,1.323742,1.459352,1.639237,1.750910,1.819206,1.787021,1.577515,1.316016,1.000858,0.605126,0.269645,0.127110,0.292916,0.654180,1.048307,1.448016,1.788730,2.042489,2.221341,2.289185,2.370469,2.421182,2.346429,2.326748,2.392467,2.450525,2.532517,2.648998,2.717575,2.791436,2.952261,3.107022,3.185018,3.271990,3.365883,3.457049,3.582765,3.675641,3.697302,3.697641,3.584970,3.360864,3.132060,2.974420,2.970656,2.994712,3.036061,3.281872,3.676272,4.045916,4.334035,4.480023,4.622004,4.761236,4.768470,4.736237,4.782264,4.821427,4.814200,4.828847,4.816787,4.804666,4.890327,4.907442,4.882517,4.949773,4.998603,5.033968,5.105720,5.195570,5.257660,5.368495,5.389805,5.359987,5.318281,5.272537,5.341467,5.348799,5.257735,5.289921,5.439884,5.587058,5.694032,5.719087,5.841858,6.049017,6.145226,6.169184,6.282624,6.376988,6.419832,6.370126,6.295624,6.268549,6.204353,6.035456,5.851548,5.771500,5.738605,5.663808,5.579811,5.607708,
6.512563,6.159522,5.759853,5.340190,4.900705,4.475649,4.089024,3.732768,3.415684,3.173081,3.006904,2.900019,2.837500,2.801389,2.762650,2.727746,2.721913,2.744908,2.762133,2.770274,2.790744,2.823374,2.846716,2.862849,2.879216,2.888755,2.891715,2.900859,2.906206,2.899642,2.892773,2.896487,2.898714,2.889595,2.877961,2.870808,2.861811,2.855702,2.856356,2.853867,2.844211,2.839340,2.836858,2.832904,2.834661,2.841462,2.842292,2.856811,2.883842,2.894265,2.905546,2.967586,2.980519,2.983402,3.079353,3.081073,3.121986,3.244121,3.301377,3.407652,3.555776,3.622723,3.736409,3.915510,4.073971,4.244668,4.286385,4.285075,4.325205,4.286540,4.143755,3.965344,3.722748,3.495606,3.300783,3.097324,3.024835,2.935452,2.778721,2.587626,2.397322,2.300023,2.155802,1.977099,1.832656,1.730292,1.683622,1.592029,1.460153,1.368584,1.281701,1.163524,1.003353,0.818381,0.674399,0.500510,0.279728,0.031641,-0.243978,-0.443019,-0.626138,-0.816788,-0.865004,-0.731549,-0.484092,-0.143449,0.189075,0.375017,0.462200,0.347980,0.044224,-0.237534,-0.450778,-0.477385,-0.428737,-0.414750,-0.361842,-0.310181,-0.265860,-0.267735,-0.302984,-0.295395,-0.286154,-0.298143,-0.306671,-0.360493,-0.418479,-0.467019,-0.623138,-0.893607,-1.164550,-1.282389,-1.307739,-1.265764,-0.934521,-0.353850,0.222845,0.686325,0.981572,1.071220,1.102303,1.038624,0.819986,0.668595,0.637905,0.731551,0.884197,1.022614,1.180728,1.334824,1.543100,1.762987,1.891757,2.019243,2.174570,2.297083,2.386414,2.425683,2.457172,2.462804,2.342879,2.068977,1.694282,1.392096,1.109872,0.783765,0.761118,1.210838,1.892151,2.577956,3.130069,3.455580,3.671293,3.778553,3.741177,3.652917,3.588357,3.594537,3.618606,3.632887,3.640952,3.669339,3.755723,3.834407,3.859983,3.916967,3.984521,4.035484,4.050547,4.010874,4.041721,4.088772,4.087169,4.021590,3.859473,3.759961,3.721985,3.628809,3.529085,3.528034,3.620154,3.863736,4.230225,4.595513,4.990234,5.268671,5.398324,5.407700,5.385257,5.373708,5.297045,5.233722,5.167910,5.132580,5.150616,5.098484,5.061569,5.093173,5.107772,5.149757,5.140031,5.091585,5.165266,5.216301,5.249386,5.300630,5.241752,5.238146,5.286392,5.291758,5.236319,5.219704,5.215871,5.274943,5.361675,5.392854,5.549498,5.670401,5.783313,5.875713,5.935502,6.097351,6.182700,6.189666,6.231953,6.274943,6.313836,6.318956,6.330038,6.407495,6.540702,6.653424,6.703977,6.747156,6.795047,6.739717,
6.155343,5.776743,5.373013,4.994923,4.659903,4.345998,4.016306,3.676065,3.364869,3.120372,2.961789,2.880763,2.847462,2.835617,2.834211,2.842055,2.850234,2.858958,2.877634,2.910887,2.943858,2.968836,2.987798,3.003277,3.011603,3.013778,3.012187,3.008134,3.003759,3.002463,3.002172,2.999406,2.993125,2.988239,2.990463,2.994268,2.991929,2.990104,2.990565,2.988423,2.981813,2.974879,2.966838,2.956383,2.945175,2.946617,2.952486,2.946315,2.947198,2.975463,2.982795,2.975430,3.041158,3.031145,3.049030,3.121205,3.116171,3.153489,3.221507,3.260835,3.340208,3.474544,3.545331,3.578660,3.681036,3.746914,3.799862,3.836661,3.767355,3.725944,3.648263,3.570152,3.500824,3.340300,3.197065,3.039956,2.934181,2.917341,2.881417,2.836353,2.788433,2.662021,2.486800,2.402535,2.313706,2.199642,2.127391,2.071237,1.996991,1.927331,1.845850,1.742333,1.673412,1.612003,1.462934,1.307614,1.208786,1.097347,0.974287,0.830650,0.714349,0.658436,0.587669,0.610831,0.866494,1.224268,1.613685,1.875112,1.913268,1.860432,1.718544,1.570898,1.486029,1.394433,1.322444,1.355608,1.394131,1.406689,1.468244,1.488984,1.445164,1.431041,1.469295,1.482888,1.489432,1.532565,1.515718,1.435582,1.376331,1.316037,1.195254,1.038884,0.922182,0.950261,1.144304,1.520185,2.083781,2.554531,2.797168,2.868851,2.830203,2.788170,2.740596,2.699048,2.714669,2.744969,2.744174,2.798061,2.891111,2.963488,3.057441,3.146083,3.173530,3.187180,3.242070,3.294755,3.333260,3.360875,3.324935,3.239165,3.165431,3.109177,3.021973,2.876042,2.673300,2.481470,2.404780,2.635888,3.213488,3.798799,4.185634,4.334578,4.342936,4.330058,4.291483,4.258917,4.246183,4.210379,4.166751,4.173932,4.201779,4.212260,4.222309,4.249231,4.232471,4.200746,4.195514,4.186519,4.202880,4.224087,4.181098,4.129816,4.106815,4.070716,4.063523,4.037173,3.962807,3.948065,3.940436,4.004919,4.158405,4.274347,4.448622,4.635564,4.806189,4.939489,4.987329,4.962474,4.917351,4.854537,4.764392,4.723945,4.724685,4.674501,4.667930,4.685957,4.639722,4.627132,4.604337,4.582349,4.607162,4.674552,4.651326,4.626032,4.645719,4.612392,4.643857,4.646161,4.575983,4.589574,4.567470,4.645150,4.762597,4.731284,4.687561,4.643793,4.661460,4.702611,4.745863,4.748314,4.857590,4.901266,4.896734,4.962330,4.997937,5.054399,5.121434,5.222744,5.379283,5.577789,5.760678,5.953947,6.183010,6.388896,6.475925,6.412428,
4.374377,4.275066,4.198045,4.145007,4.095676,4.042814,3.999544,3.967831,3.937515,3.909704,3.894155,3.893143,3.900810,3.911646,3.922393,3.929739,3.933190,3.936155,3.940099,3.942943,3.944880,3.949143,3.953101,3.953557,3.952042,3.951571,3.950346,3.948932,3.948947,3.949316,3.947857,3.946399,3.947477,3.949001,3.947890,3.947539,3.949228,3.949083,3.947230,3.947106,3.946193,3.942680,3.939930,3.938476,3.935157,3.933070,3.934934,3.935571,3.933297,3.935740,3.938261,3.930833,3.939522,3.938640,3.930861,3.943770,3.943546,3.943266,3.953271,3.950655,3.946374,3.959145,3.970926,3.986466,3.975891,3.966093,3.985494,3.983895,3.967938,3.958315,3.938540,3.912699,3.904824,3.901129,3.919674,3.927175,3.900477,3.890260,3.900389,3.913778,3.908525,3.903507,3.904992,3.891653,3.879202,3.875440,3.867317,3.868814,3.869198,3.864269,3.860022,3.857633,3.852872,3.847021,3.845445,3.844406,3.827547,3.813343,3.812052,3.796829,3.765799,3.730843,3.695666,3.667157,3.675559,3.732947,3.821056,3.901420,3.929851,3.921764,3.908403,3.885299,3.862427,3.849303,3.848108,3.858168,3.867944,3.875859,3.878568,3.885970,3.897319,3.900297,3.892010,3.889920,3.895148,3.897317,3.901469,3.901045,3.886613,3.864367,3.835086,3.782330,3.719413,3.691444,3.716233,3.785669,3.882506,3.959938,4.003855,4.016414,3.994677,3.965385,3.955188,3.953020,3.954057,3.958048,3.965028,3.972625,3.981074,3.985222,3.980724,3.986741,4.000899,4.002619,3.988967,3.976756,3.979307,3.984921,3.982205,3.967419,3.945860,3.932505,3.926715,3.904057,3.875289,3.855000,3.852812,3.892598,3.989600,4.088012,4.150462,4.158263,4.115200,4.065512,4.034835,4.018421,4.012091,4.013403,4.014698,4.009360,4.013615,4.013756,4.002458,4.009256,4.023952,4.025246,4.015585,3.996390,3.998388,4.013512,4.019564,4.018453,4.002830,3.993398,3.995662,3.985652,3.984006,4.000585,4.005900,4.000859,4.019293,4.051417,4.105082,4.130640,4.120242,4.104103,4.093469,4.076497,4.034090,4.014020,4.010169,3.990617,3.992147,3.982901,3.973577,3.991641,3.994827,3.998820,4.001697,3.990071,3.989585,3.990058,4.003049,4.028460,4.012788,4.004127,4.015936,4.010140,4.001705,4.009657,4.002594,3.976100,3.980605,4.008306,4.070906,4.074861,4.031284,4.013852,4.022685,4.041096,4.015576,3.993382,4.023163,4.022887,4.003343,3.998382,4.007512,4.023826,4.026411,4.038091,4.081346,4.145741,4.213435,4.301429,4.391604,4.431115,
3.934042,3.949044,3.974654,3.987241,3.988760,3.991428,3.995982,3.998490,3.999948,4.003528,4.007184,4.007827,4.005991,4.004279,4.002901,4.001793,4.001738,4.002286,4.001420,4.001077,4.002469,4.003851,4.003283,4.003502,4.004452,4.005238,4.005694,4.007461,4.008888,4.009455,4.010011,4.011182,4.011525,4.011863,4.012608,4.013183,4.012796,4.012672,4.012746,4.012680,4.012830,4.013247,4.012876,4.012811,4.014224,4.015528,4.017127,4.020158,4.021074,4.020339,4.025211,4.023233,4.023032,4.028416,4.024587,4.025492,4.027539,4.025566,4.026307,4.030437,4.027807,4.025109,4.025193,4.027339,4.025681,4.023147,4.015209,4.016936,4.016841,4.008986,4.013083,4.011231,4.010541,4.008716,4.006647,4.013500,4.018486,4.022085,4.021127,4.022073,4.023157,4.027058,4.027074,4.026091,4.030080,4.033738,4.032399,4.034657,4.036136,4.036874,4.037831,4.038971,4.036393,4.034052,4.032788,4.031781,4.029556,4.026404,4.023986,4.025300,4.024754,4.020900,4.023060,4.026461,4.027692,4.032832,4.032683,4.028865,4.024569,4.018695,4.015784,4.015717,4.017713,4.022070,4.023764,4.023753,4.025643,4.027185,4.025721,4.027952,4.031294,4.034544,4.036610,4.036504,4.033807,4.026512,4.020354,4.015879,4.011782,4.005416,4.001124,4.001205,4.002690,4.003055,4.012246,4.025777,4.034111,4.033638,4.021857,4.007783,4.001524,3.997758,3.996356,3.994602,3.994210,3.995253,3.997100,3.995890,3.998029,4.001146,4.001347,4.002021,4.005059,4.008934,4.013014,4.012271,4.007408,4.000330,3.998103,3.995560,3.991598,3.984290,3.980272,3.976619,3.975221,3.976225,3.990887,4.008806,4.027613,4.036480,4.028830,4.014969,4.004944,3.997430,3.992125,3.984383,3.980931,3.979936,3.980201,3.975880,3.975994,3.979864,3.980196,3.977520,3.981498,3.985887,3.992084,3.991919,3.987875,3.985470,3.987345,3.987405,3.989491,3.987477,3.983836,3.985612,3.986246,3.983869,3.991582,3.990463,3.995322,3.997141,3.998479,4.000975,4.005042,4.001746,3.993955,3.991210,3.986558,3.982076,3.982637,3.974212,3.976620,3.980653,3.975175,3.976320,3.977011,3.979019,3.986697,3.988972,3.986007,3.985414,3.988258,3.988267,3.993691,3.994513,3.987770,3.995412,3.995081,3.991984,4.004755,3.996902,3.995818,3.986226,3.985740,3.990672,3.996045,3.994362,3.993546,3.995345,3.996025,3.998960,3.994942,3.990861,3.996083,3.995420,3.993390,3.992534,3.990502,3.990132,3.988072,3.980420,3.969714,3.968806,3.967087,3.952136,
3.982224,3.994518,4.000254,4.003060,4.004380,4.004463,4.002715,4.001012,3.999295,3.997836,3.996260,3.995317,3.994755,3.994970,3.995086,3.995425,3.995423,3.995793,3.995827,3.996423,3.996904,3.997880,3.998431,3.999249,3.999261,3.999411,3.999334,3.999863,4.000030,4.000455,4.000577,4.001069,4.001183,4.001695,4.002084,4.002347,4.002059,4.002130,4.002061,4.001815,4.001569,4.001604,4.001421,4.001146,4.001475,4.001783,4.001919,4.002432,4.003499,4.002474,4.003254,4.004272,4.003050,4.004651,4.004990,4.005155,4.005317,4.006639,4.005189,4.006287,4.006623,4.007836,4.007228,4.007838,4.008591,4.009767,4.006985,4.007898,4.007176,4.003237,4.003295,4.002011,4.000566,4.001588,4.001563,4.002406,4.002150,4.003644,4.003034,4.004047,4.003930,4.005040,4.004453,4.005650,4.004508,4.004557,4.004572,4.005253,4.004992,4.006028,4.005712,4.005920,4.005859,4.006392,4.005252,4.004640,4.004431,4.003210,4.000003,3.997877,3.994920,3.990982,3.988373,3.989141,3.990205,3.994502,3.999070,4.002716,4.005035,4.006028,4.004283,4.002471,4.000216,3.999849,4.000197,4.001080,4.001927,4.002880,4.003884,4.004707,4.004920,4.005326,4.006315,4.005352,4.005580,4.005463,4.004931,4.002826,4.001187,3.997088,3.992321,3.988087,3.986099,3.984397,3.986612,3.991269,3.995928,4.000849,4.004095,4.003343,4.002231,3.999761,3.997900,3.996103,3.996083,3.995781,3.997437,3.997846,3.998965,3.998955,4.000639,4.000369,4.000800,3.999796,4.000385,3.998990,3.999469,3.997901,3.997791,3.995385,3.995257,3.992094,3.990569,3.987950,3.987626,3.985381,3.988723,3.992765,3.999397,4.005381,4.009356,4.008224,4.006462,4.001189,3.997434,3.993289,3.992680,3.990441,3.991799,3.991612,3.991916,3.990845,3.993364,3.991883,3.993139,3.991877,3.992612,3.991750,3.993174,3.992125,3.993631,3.992186,3.993677,3.992212,3.992118,3.991686,3.993249,3.989799,3.993631,3.993815,3.997457,3.999720,4.003425,4.003929,4.005486,4.004132,4.001574,3.997997,3.996924,3.991907,3.991458,3.990127,3.988474,3.988823,3.990115,3.989946,3.991752,3.991468,3.991680,3.992063,3.993655,3.994318,3.995787,3.994895,3.998253,3.998528,3.997307,3.998249,4.000174,3.994230,3.999086,3.998188,4.002832,4.001703,4.004635,4.004644,4.006414,4.004358,4.004816,4.003124,4.004205,4.004655,4.003771,4.003723,4.004823,4.003444,4.003922,4.004071,4.005189,4.005213,4.005091,4.006276,4.006766,4.003140,3.996326,3.993325,
